filename,zero_crossing_mean,zero_crossing_var,spectral_cent_mean,spectral_cent_var,spectral_rolloff_mean,spectral_rolloff_var,spectral_flatness_mean,spectral_flatness_var,chroma_mean,chroma_var,bandwidth_mean,bandwidth_var,tempo_mean,tempo_var
"7 Seconds -- Youssou N'Dour, Neneh Cherry_1",0.07879078516090585,0.00733469954092741,2167.678789872794,934130.5938475089,4809.514064129544,3996403.940593171,0.01452491,0.00045530518,0.4017146,0.09571512,2526.5082741844776,303650.4121478377,151.99908088235293,0.0
"7 Seconds -- Youssou N'Dour, Neneh Cherry_2",0.05800973843532482,0.001637865348257578,2090.689278272082,875402.1530007933,4877.382920125798,4456216.781931869,0.012971371,0.00039616,0.39211345,0.09813198,2613.6567492244276,318979.4927906732,151.99908088235293,0.0
"7 Seconds -- Youssou N'Dour, Neneh Cherry_3",0.06955062264356149,0.0025923529697706553,2282.754674673212,946022.2779573268,5273.76122707004,4236950.885503994,0.014530808,0.00037042497,0.39133963,0.09610978,2724.2947516964405,281862.93998033914,151.99908088235293,0.0
"7 Seconds -- Youssou N'Dour, Neneh Cherry_4",0.07278732689240139,0.0022319317311302795,2321.568722946827,858806.020645023,5360.568513449826,3887818.393171289,0.014137443,0.0003081557,0.38385382,0.09569517,2749.4272717906815,251339.58072199643,151.99908088235293,0.0
"7 Seconds -- Youssou N'Dour, Neneh Cherry_5",0.07279582366589327,0.002316394053404897,2316.2217691903957,905176.4539203643,5429.202475846505,4117502.930484942,0.014751598,0.0003761831,0.36493698,0.09630104,2774.1736482548054,261535.9429506575,151.99908088235293,0.0
"7 Seconds -- Youssou N'Dour, Neneh Cherry_6",0.0681735788863109,0.002166776588669898,2196.6241352904817,865417.8526405005,5184.780635966502,4422796.314196997,0.0136898225,0.00037102867,0.35869431,0.09719727,2719.6106816900897,287384.23945799394,151.99908088235293,0.0
"7 Seconds -- Youssou N'Dour, Neneh Cherry_7",0.07425273709396751,0.001857889728497987,2315.2424484050366,845211.8497721787,5406.345305476,4248520.279940906,0.014343437,0.00030912834,0.35929704,0.09686845,2754.1027280252174,292429.9263551923,151.99908088235293,0.0
"7 Seconds -- Youssou N'Dour, Neneh Cherry_8",0.08601283805829467,0.002174062817146034,2527.6632609031662,790010.2612185773,5899.835360852306,3538176.1996101197,0.017714677,0.00037273378,0.38721517,0.092115544,2886.1086575411973,235387.76604712833,151.99908088235293,0.0
"7 Seconds -- Youssou N'Dour, Neneh Cherry_9",0.08664783026392112,0.0021323653593690764,2519.366742656919,771200.3182722463,5837.121780289298,3601696.691200132,0.018436275,0.00037709117,0.40229458,0.086884655,2895.3447471178783,230519.90632893666,151.99908088235293,0.0
"7 Seconds -- Youssou N'Dour, Neneh Cherry_10",0.07659331496519721,0.0017572035222119216,2366.2250546630635,712535.7118655335,5475.541329439167,3673611.7192565184,0.01621369,0.0003444444,0.39750507,0.08741057,2811.3715384716456,222596.82626748693,151.99908088235293,0.0
"7 Seconds -- Youssou N'Dour, Neneh Cherry_11",0.06938805104408352,0.002507826065235646,2279.9241152677214,781197.284744008,5328.705867758483,3634511.152229169,0.0151966605,0.00044098095,0.397905,0.09456426,2760.706761218901,212961.78446090317,151.99908088235293,0.0
"7 Seconds -- Youssou N'Dour, Neneh Cherry_12",0.07313116299303944,0.0032458171030968104,2355.060810219503,1011572.2244308311,5545.374356511021,3952025.0340449316,0.014831818,0.0003906017,0.37778452,0.09663846,2791.3591620498228,241627.35695984808,151.99908088235293,0.0
"7 Seconds -- Youssou N'Dour, Neneh Cherry_13",0.07238684563515081,0.001994546458889822,2323.204931484967,825929.2683785509,5475.366465840705,3781583.4859344815,0.013485373,0.0002629382,0.3825117,0.091772415,2774.118635409245,247093.39765544122,151.99908088235293,0.0
"7 Seconds -- Youssou N'Dour, Neneh Cherry_14",0.0854469529437355,0.002262801410825102,2471.997358589176,737260.4249427973,5708.859330816777,3434862.1211819537,0.017589359,0.000402863,0.4001039,0.08694872,2832.7641713192925,227042.26637652717,151.99908088235293,0.0
"7 Seconds -- Youssou N'Dour, Neneh Cherry_15",0.10049020718532482,0.0032088219612184995,2628.7554533909056,822410.4265998746,5961.599681880801,3406338.396104863,0.022009801,0.00052570197,0.40151212,0.084677815,2886.1540191366485,221895.39245849242,151.99908088235293,0.0
"7 Seconds -- Youssou N'Dour, Neneh Cherry_16",0.08539710520591648,0.0025680746061272183,2407.950840129902,718567.1371172108,5519.169797255656,3442171.9138882672,0.01800721,0.00040916915,0.40317214,0.08804994,2795.2163765120113,213817.22164601053,151.99908088235293,0.0
"7 Seconds -- Youssou N'Dour, Neneh Cherry_17",0.0650150449535963,0.0009799137454109112,2189.187367550155,504234.421780456,5159.2255700768565,3070168.9404964535,0.013217067,0.0003016553,0.3976526,0.09633417,2718.5582320438934,178939.3376699981,151.99908088235293,0.0
"7 Seconds -- Youssou N'Dour, Neneh Cherry_18",0.06969620069605569,0.0010660305230910064,2170.144995642733,546806.1724268093,5088.205968586862,3034152.163101173,0.012088121,0.0003079542,0.38631603,0.09791474,2651.515608230207,207672.81863031906,151.99908088235293,0.0
"7 Seconds -- Youssou N'Dour, Neneh Cherry_19",0.07115311412412993,0.001043186712888524,2065.130952221405,544297.0172684552,4760.8613122643565,3023713.377405382,0.0109956395,0.00029568624,0.38197404,0.09460812,2527.518738842735,234984.72728730715,151.99908088235293,0.0
"7 Seconds -- Youssou N'Dour, Neneh Cherry_20",0.07272048560759861,0.0012673941570525758,2097.2723322846045,594350.5651869206,4848.418014066126,3061284.5519792708,0.011763367,0.00029728733,0.37388682,0.09001835,2555.372208542743,241802.15176085744,151.99908088235293,0.0
"7 Seconds -- Youssou N'Dour, Neneh Cherry_21",0.07869994833961717,0.001591736048774617,2284.464149140149,726940.8125503642,5382.201638631091,3635382.343031154,0.013327673,0.0002859897,0.38406652,0.08966021,2732.174773253483,263210.296825013,151.99908088235293,0.0
"7 Seconds -- Youssou N'Dour, Neneh Cherry_22",0.08679284186484919,0.0025870122025543436,2449.4306657083544,852592.9541021216,5743.2949694569315,4226194.571000152,0.01480551,0.00026891724,0.38965234,0.08711264,2824.827719199268,265649.13274890854,151.99908088235293,0.0
"7 Seconds -- Youssou N'Dour, Neneh Cherry_23",0.09443993800754061,0.0028694635683527564,2518.280263688332,828689.981170522,5813.540175010876,4027652.977201538,0.01764569,0.0003000336,0.3905369,0.082531095,2840.5514531779095,255517.5081558045,151.99908088235293,0.0
"7 Seconds -- Youssou N'Dour, Neneh Cherry_24",0.09571162177349188,0.0029217607015189096,2502.647064161918,785098.2086691406,5760.831290331352,3799088.8557869676,0.018909918,0.00030560768,0.39649472,0.07964995,2859.754181199092,259138.78925707514,151.99908088235293,0.0
"7 Seconds -- Youssou N'Dour, Neneh Cherry_25",0.08748901083961717,0.002431722872049092,2345.10769330508,717615.0586258671,5403.085348390371,3815977.4833448925,0.01647749,0.0002558806,0.4017971,0.07888566,2779.515885344183,251317.90706758492,151.99908088235293,0.0
"7 Seconds -- Youssou N'Dour, Neneh Cherry_26",0.08298742024361949,0.00229207061463324,2271.5470249544387,708128.1838794679,5256.387279537051,3742664.9760207455,0.015562249,0.00027222084,0.40278375,0.08061033,2742.707341199821,230176.56071810963,151.99908088235293,0.0
"7 Seconds -- Youssou N'Dour, Neneh Cherry_27",0.09402019739704176,0.002662883016527562,2392.688079935714,693908.401663589,5505.44300477632,3463928.7088575866,0.01779466,0.000292491,0.4018739,0.08194983,2778.539045664388,205204.01289041914,151.99908088235293,0.0
"7 Seconds -- Youssou N'Dour, Neneh Cherry_28",0.10021831043358469,0.002035804350179591,2536.711410787594,597967.1292535403,5804.297384806409,3235154.8889380484,0.020707797,0.00033834155,0.3963323,0.08163128,2831.5886548683375,191165.42910360094,151.99908088235293,0.0
"7 Seconds -- Youssou N'Dour, Neneh Cherry_29",0.1052806880800464,0.0024237787999936418,2626.338651506064,662982.8003153058,6067.242275866444,3187127.547669881,0.022014704,0.0005035151,0.4006801,0.08185598,2887.560966897568,205412.2658929872,151.99908088235293,0.0
a-ha -- Take On Me_1,0.15622175232438015,0.010430332104258795,2987.543975339614,1055255.3252743182,6106.735052944215,2433943.228297412,0.06265975,0.004878415,0.53592277,0.0821621,2744.602324382409,149225.87374392818,83.35433467741936,0.0
a-ha -- Take On Me_2,0.15374458472302785,0.005395657000236041,2890.0210627809397,706383.0435622634,5880.612855278422,1906150.7240150853,0.04914107,0.002903329,0.42261866,0.08122409,2651.9280991214005,118235.65776906088,172.265625,0.0
a-ha -- Take On Me_3,0.16841624673723898,0.00433240854714666,3016.602824975032,520110.2916962612,6112.219691442503,1310805.060905815,0.04839145,0.0023634846,0.38618928,0.080786146,2685.677903573246,79543.2264620614,112.34714673913044,0.0
a-ha -- Take On Me_4,0.15885057914008122,0.006399686651249726,3092.5431492336547,652221.0065615058,6366.833581061485,1359024.4079794309,0.05346038,0.0027922515,0.4054826,0.0838389,2776.5076785188962,75653.53510589595,112.34714673913044,0.0
a-ha -- Take On Me_5,0.15375761310904873,0.004211926571799614,3095.201735297429,426429.20988450747,6528.345094756018,896426.2734120545,0.05020878,0.0019225708,0.41078156,0.080432296,2799.67014254987,50775.77694547936,172.265625,0.0
a-ha -- Take On Me_6,0.14526763703596288,0.0017453820531593543,2980.916100648881,214451.51872307493,6404.092017791111,665155.1149928995,0.041773904,0.001043888,0.34938878,0.084105045,2758.1386158398245,40098.55450166036,172.265625,0.0
a-ha -- Take On Me_7,0.15613161162267983,0.007118002811326249,3093.334729395529,623510.3590909404,6450.568264211137,1079870.6211888096,0.04473107,0.0017467558,0.33284575,0.088565476,2782.4218646389477,57020.77252048449,172.265625,0.0
a-ha -- Take On Me_8,0.16978422726943154,0.01046819490448223,3251.2471160254886,854511.5514836801,6647.15241965451,1280150.8847282457,0.053594667,0.0025415316,0.3888659,0.0879611,2834.416148459059,64904.39325673079,172.265625,0.0
a-ha -- Take On Me_9,0.15120008428799303,0.005604229516309107,3070.999884160148,514219.18865019584,6487.114756289879,931365.2521455653,0.048854258,0.0018792584,0.41884348,0.08242002,2796.963527360204,57153.692515315335,172.265625,0.0
a-ha -- Take On Me_10,0.13178042524651973,0.0013153981328477102,2860.7590464448217,180617.3847814618,6212.441513875798,605091.8594162476,0.03531702,0.0006880102,0.35567224,0.086614884,2732.020350122831,45139.527634920705,172.265625,0.0
a-ha -- Take On Me_11,0.12595956895301624,0.0023845190669755847,2792.3139247890053,383008.4261921997,5964.834658452363,1294246.627389322,0.035143882,0.0012489624,0.34327915,0.088781655,2700.761327710446,78919.82362732335,172.265625,0.0
a-ha -- Take On Me_12,0.12645294826711137,0.0034005333509907294,2697.8603287263377,537703.5739295944,5653.24021624855,1775245.7354475756,0.0393573,0.0017461345,0.41375625,0.08295381,2636.1437244331332,110897.4409235171,172.265625,0.0
a-ha -- Take On Me_13,0.14916199155307425,0.003684730173712211,2830.1422119376098,519474.86184092244,5720.250445230931,1573696.866507041,0.036095116,0.0016705068,0.3595017,0.08593614,2576.5289864755687,100339.74833114572,172.265625,0.0
a-ha -- Take On Me_14,0.16615327273056846,0.0030416979030998053,2971.907886549796,453160.30142614903,5947.498181690473,1331573.910729057,0.038612116,0.0017965907,0.33954436,0.083575346,2605.75480751116,89519.77171398587,112.34714673913044,0.0
a-ha -- Take On Me_15,0.1576497018198956,0.00413861066110522,2956.9586310307927,480529.90901667776,6092.085397105206,1207345.272387267,0.046844162,0.002010319,0.38329992,0.07998849,2690.5237429791787,73404.82309495914,112.34714673913044,0.0
a-ha -- Take On Me_16,0.14968822505800464,0.00533188696009911,3002.2891339193156,553743.4531076836,6258.530562327799,1228425.6216785465,0.052046876,0.0021898102,0.40565744,0.08288155,2753.1979416141376,65549.85476471703,112.34714673913044,0.0
a-ha -- Take On Me_17,0.14922430122534802,0.0031759082879889277,3050.5313531181564,352920.462036237,6483.679935605786,913718.8823515715,0.051139947,0.0015613703,0.41200656,0.08103008,2802.969481724341,50931.97390293414,172.265625,0.0
a-ha -- Take On Me_18,0.16570294373549885,0.0015958573909705329,3182.3462512843807,119007.29565483228,6780.885601707511,282796.75870736083,0.048080135,0.0008647645,0.3668312,0.08240525,2833.2426463355555,25689.234301017244,172.265625,0.0
a-ha -- Take On Me_19,0.1730843740936775,0.001956652885789627,3266.5984628151814,139390.43559755807,6869.341602015661,332753.24540984345,0.051422615,0.00084988674,0.3686909,0.08221517,2858.984766200455,28967.251368598707,172.265625,0.0
a-ha -- Take On Me_20,0.18059042379640372,0.0017337363154682247,3308.881586659207,118952.10282072028,6856.1768711028135,267297.3586082883,0.056220163,0.000650733,0.39415124,0.08060407,2845.5386431911593,27759.30920838427,172.265625,0.0
a-ha -- Take On Me_21,0.18665202200551045,0.0014870313982890892,3389.8009866517805,102395.1552731531,6981.604032228828,184878.13272601966,0.062266737,0.00083170854,0.38568667,0.07672478,2887.4653887059285,24979.683388555844,172.265625,0.0
"ABBA -- Money, Money, Money_1",0.09662999260355029,0.002380053178047224,2152.0283938932157,455038.1041850105,4575.487125554734,2193857.217778896,0.010952164,0.00019010846,0.33372238,0.091502465,2336.139727887627,190209.23347267654,123.046875,0.0
"ABBA -- Money, Money, Money_2",0.09751407065690255,0.007519519498617367,2277.6008308846485,1085858.7928555827,4902.375924448956,3265289.722528165,0.016404869,0.0006697537,0.38240224,0.094014235,2527.8755926731055,199288.7071195197,123.046875,0.0
"ABBA -- Money, Money, Money_3",0.10802571236948956,0.006139225783198098,2319.6486667689605,832306.5998226492,4729.048627601145,2519482.622584036,0.017202016,0.0005904619,0.3792129,0.0897273,2400.18578796168,180021.55070842427,123.046875,0.0
"ABBA -- Money, Money, Money_4",0.10766714852813225,0.0012699632510120046,2142.6578808967565,223775.96106598468,4216.585871791618,1006481.834008321,0.013411398,0.00018611383,0.36482638,0.0844308,2171.463183805238,94168.11801549418,123.046875,0.0
"ABBA -- Money, Money, Money_5",0.11993309074100927,0.0019192818602932625,2256.1776126661166,285518.1631781405,4413.6571472592805,1013142.6778099037,0.017843416,0.00047485423,0.35998392,0.08547026,2196.7960562322437,95585.41381124011,123.046875,0.0
"ABBA -- Money, Money, Money_6",0.12095836807569606,0.0023287096970426367,2408.0564834623174,331048.8033104458,4841.810668095635,1331537.7939714508,0.022670692,0.0007139028,0.36008763,0.09039543,2377.7819263616116,108600.26189498956,123.046875,0.0
"ABBA -- Money, Money, Money_7",0.12128237837151973,0.002614187353024814,2435.2200058018484,396638.24603156187,4934.113667569968,1502237.0799868156,0.023705212,0.0009720659,0.34848782,0.09051449,2376.2763168453353,115332.17386385865,123.046875,0.0
"ABBA -- Money, Money, Money_8",0.10573838094547564,0.003713258499560408,2271.5862153819744,517257.49540476274,4682.160202699029,1664330.5664414442,0.01946905,0.0008277348,0.3592884,0.09023923,2364.5953892317657,108983.10557533597,123.046875,0.0
"ABBA -- Money, Money, Money_9",0.09505283860208817,0.00608397335271789,2265.6130408276217,907843.9505704896,4847.006615021389,2820922.55365769,0.01803094,0.0008443833,0.36939493,0.094133735,2513.1275026542658,160985.20490550512,123.046875,0.0
"ABBA -- Money, Money, Money_10",0.10817978719547564,0.0071034998879388606,2416.134973523744,991962.558277763,5082.547882150885,3153065.7436804716,0.023260035,0.0011774875,0.37119582,0.09227476,2539.557445039052,182915.14952074678,123.046875,0.0
"ABBA -- Money, Money, Money_11",0.10724967372389792,0.003933983111564938,2320.181067681211,577326.7211277836,4836.652191940981,2189955.0701815314,0.020578478,0.0008258949,0.36491632,0.08729252,2402.675881847287,152469.69158235734,123.046875,0.0
"ABBA -- Money, Money, Money_12",0.11658422908207657,0.0021410495094620983,2303.3440934858627,334863.9049983219,4636.308469130656,1347185.939267767,0.0198549,0.00059491623,0.37279013,0.084837794,2285.566083110274,115987.14731623074,123.046875,0.0
"ABBA -- Money, Money, Money_13",0.12430156521896751,0.0022805222014722283,2417.1672930255736,327256.11493470357,4828.021424331134,1288029.9809542764,0.023690775,0.0008203314,0.372624,0.08794913,2349.627143393848,102636.39753051341,123.046875,0.0
"ABBA -- Money, Money, Money_14",0.12711796240574247,0.002137080910084412,2428.5855625388685,291302.4725032968,4864.2306794699825,1188290.4610593114,0.022618257,0.0006673801,0.36385936,0.087703295,2325.1813120036477,97524.09900342868,117.45383522727273,0.0
"ABBA -- Money, Money, Money_15",0.12937470544518562,0.0020123854532281406,2353.6817948861167,277029.56986252987,4594.8158352668215,1048689.927371885,0.021049645,0.0005388987,0.36533284,0.085687116,2227.2546951805975,85988.00146914468,117.45383522727273,0.0
"ABBA -- Money, Money, Money_16",0.12802315200841066,0.0022029321919663928,2406.3704120846523,341485.1797180935,4733.79492527371,1296137.4551260355,0.022385908,0.00067116076,0.35344806,0.08765456,2308.1539777714083,104721.6416945427,123.046875,0.0
"ABBA -- Money, Money, Money_17",0.12781696363834108,0.002058237461691039,2441.6472670358544,306369.70342730585,4851.228321898564,1215352.7700922152,0.022986893,0.00065839523,0.34390327,0.0877448,2330.048368632847,96408.79653233757,123.046875,0.0
ABBA -- The Winner Takes It All_1,0.10516974305142687,0.0005178478842516437,1776.0725179247966,91048.10758745082,3456.347946548008,444065.17731440417,0.00390482,4.500542e-05,0.31399727,0.07869771,1785.9481955305923,50792.51098558744,123.046875,0.0
ABBA -- The Winner Takes It All_2,0.10536678871809745,0.0003789617437201806,1842.0730314542493,60928.11726935643,3610.2713246356584,303626.79818820505,0.0053467606,8.181538e-06,0.31477237,0.0779138,1872.262809011359,33944.06777445085,123.046875,0.0
ABBA -- The Winner Takes It All_3,0.09801651319605569,0.0014532300400069492,1976.1160474469884,260559.31878310844,4102.812120477451,1576754.8064826478,0.0077481735,0.00018688389,0.29211602,0.0823192,2113.727615136422,163503.25416865342,123.046875,0.0
ABBA -- The Winner Takes It All_4,0.10534809581641531,0.005260702177363432,2355.580912042667,750214.9008060223,5050.985002628336,3003305.7038945686,0.01310817,0.00055214245,0.2664685,0.08757706,2459.4403539703835,221372.33603136733,117.45383522727273,0.0
ABBA -- The Winner Takes It All_5,0.12438370069605569,0.007063059891763743,2683.3154264766963,746431.5034484708,5731.279342191126,2036915.7984464718,0.02013735,0.0008290072,0.27379537,0.088014,2640.553801663077,132284.6484087667,123.046875,0.0
ABBA -- The Winner Takes It All_6,0.1331104535237819,0.00706454690541646,2684.262157397072,791104.2411881848,5520.793530669954,1942211.936435658,0.023988454,0.0011487681,0.29300258,0.087094344,2577.794314863278,126396.0897092085,123.046875,0.0
ABBA -- The Winner Takes It All_7,0.14308623205481438,0.005691135449333786,2615.0967058760484,717264.076706861,5082.385508809455,1873687.1480163222,0.01930505,0.0009207427,0.318672,0.08532359,2439.09391687951,146273.40654836365,123.046875,0.0
ABBA -- The Winner Takes It All_8,0.12839361133265662,0.0038436700614556357,2608.8519729587333,488778.0674271375,5326.157855323739,1781421.2156619579,0.019456642,0.000611081,0.340259,0.08673909,2555.1882479807105,147721.83568402551,123.046875,0.0
ABBA -- The Winner Takes It All_9,0.11414565508990719,0.0026506062504646614,2643.264223097926,389322.72082104365,5666.542339988761,1491995.7904339584,0.025091603,0.0007015111,0.37083483,0.08957451,2664.389547962123,106606.51138589464,123.046875,0.0
ABBA -- The Winner Takes It All_10,0.11303880872969838,0.001965722874411066,2615.0118779115523,287471.6819465848,5628.559468351218,1223067.2543218029,0.02433746,0.00053154654,0.36714122,0.08763669,2653.035794676453,89633.17129285634,123.046875,0.0
ABBA -- The Winner Takes It All_11,0.12971117767546403,0.002806467825475658,2739.8045596554366,343267.7234178253,5763.379302766096,1274422.03308602,0.029392108,0.0008729248,0.36504427,0.08753484,2665.492831189162,101634.72671907325,129.19921875,0.0
ABBA -- The Winner Takes It All_12,0.1567762335049304,0.003197509504621208,2899.3090454998614,332815.4205357182,5846.601885377393,1205439.9322999667,0.035238028,0.001066258,0.38477162,0.083206184,2636.960703349014,104081.50817023954,129.19921875,0.0
ABBA -- The Winner Takes It All_13,0.16523901990284223,0.0034278137340886853,2961.025949548574,314627.7952108012,5909.80258596469,1139519.3338984216,0.038991313,0.0011682045,0.3887601,0.08277843,2640.7528308415567,92329.86111821594,129.19921875,0.0
ABBA -- The Winner Takes It All_14,0.14438737130220416,0.006204591592739031,2901.6388226407516,674751.8915329075,5977.412347284658,1874539.4690495895,0.036546595,0.0012755301,0.37398615,0.089583404,2699.7687121802287,131935.83372345197,129.19921875,0.0
ABBA -- The Winner Takes It All_15,0.11763612964037123,0.006240126792224333,2717.3201763122515,827819.4555643741,5751.163831387761,2298930.961597845,0.027005171,0.00090027915,0.35448718,0.09210713,2678.6596645722148,158707.82326250087,123.046875,0.0
ABBA -- The Winner Takes It All_16,0.12229009570765662,0.004480748982824582,2721.3065971017686,633561.0815515204,5752.325425291836,1909867.8253942844,0.027318345,0.0006580194,0.3648449,0.088075474,2676.980798756516,134166.25871425695,123.046875,0.0
ABBA -- The Winner Takes It All_17,0.14490454158207658,0.004024168508438804,2884.45519057082,493630.642308301,5960.263224378263,1513555.4129738752,0.038618855,0.0011279989,0.3888176,0.08404505,2697.2765563752605,108253.1477042329,129.19921875,0.0
ABBA -- The Winner Takes It All_18,0.16246963819605567,0.002353016225782671,2945.2276251383155,230286.11246039905,5866.373962260731,971515.4073315426,0.042461153,0.0010006955,0.39098513,0.08394257,2622.799372135214,80290.05309811252,129.19921875,0.0
ABBA -- The Winner Takes It All_19,0.16656508301914152,0.001738433347964645,2971.2757785866866,169657.1287077924,5889.00630800464,885677.5743665231,0.04356666,0.0009033518,0.38149092,0.08319236,2618.0264126693396,70859.48157140698,129.19921875,0.0
ABBA -- The Winner Takes It All_20,0.13431359665023201,0.005872686403881886,2567.897668319916,806791.7425338537,5065.573622842952,3123222.762565189,0.032330178,0.001302036,0.35029745,0.084767014,2454.1376650285,165107.48793471823,129.19921875,0.0
ABBA -- The Winner Takes It All_21,0.09307082457221577,0.00503626203023086,1969.1801475727916,769612.8356711082,3849.784493501668,2756376.714046237,0.013064103,0.0008501209,0.30772212,0.08706318,2133.7490654326607,174599.37123362964,129.19921875,0.0
ABBA -- The Winner Takes It All_22,0.0822147803074246,0.003090741246619924,1923.6114508256164,656918.5640217325,3918.455926669446,2460029.30070936,0.0097538205,0.0006680773,0.29216737,0.0872966,2098.3444308093785,219442.86361666882,129.19921875,0.0
ABBA -- The Winner Takes It All_23,0.1087009226363109,0.005125098657877818,2372.5513322133716,838682.9470757797,4844.333700016314,2728084.019181734,0.020325998,0.0009183756,0.30301484,0.08967064,2344.560297539655,240126.61844157646,129.19921875,0.0
ABBA -- The Winner Takes It All_24,0.14461338547708816,0.0030881165376806822,2751.399740351382,389429.36088032473,5474.142420651465,1314028.7234882861,0.0314147,0.00078583375,0.3116575,0.08968937,2502.926674526349,101358.05258394401,129.19921875,0.0
ABBA -- The Winner Takes It All_25,0.15758002827726217,0.0015114499597989257,2857.198984030218,133795.04791142495,5700.815605287486,651483.7500059379,0.039562687,0.00066459976,0.36814642,0.08557416,2564.525195905729,55804.588439497296,129.19921875,0.0
ABBA -- The Winner Takes It All_26,0.16236541110788863,0.0014889580435650729,2923.917559543406,138796.54265740904,5896.637855051842,624679.7461176581,0.046899848,0.0006755988,0.42982283,0.07602147,2631.1654846600973,47762.96355471181,129.19921875,0.0
ABBA -- The Winner Takes It All_27,0.16254894141531323,0.001362293175907975,2937.5249867265848,133966.97244601033,5915.860360625725,641162.9905754032,0.04773302,0.00061732705,0.43175897,0.0759682,2632.637165260926,46881.615430909726,129.19921875,0.0
ABBA -- The Winner Takes It All_28,0.16496372444170534,0.0015250238296654634,2951.8133429147038,157280.56796134252,5946.83619806772,763723.9229545114,0.048816737,0.0007320288,0.42967474,0.07550698,2643.4850619559033,55310.41584948898,129.19921875,0.0
All The Things She Said_1,0.11455855715749415,0.0027535877471838973,2213.3742052775865,1042220.27169249,4393.882876536885,5086469.82307365,0.023801818,0.00075065304,0.3303691,0.08860278,2019.8920337129032,928122.9013254399,123.046875,0.0
All The Things She Said_2,0.14400388359193736,0.0015600163192035826,2807.9432101930133,248842.0648001767,5745.955394204974,1326236.927654132,0.038160514,0.00076537294,0.4168179,0.0744982,2692.8754396952863,84265.65724960483,89.10290948275862,0.0
All The Things She Said_3,0.11554479045823667,0.0037456835559486396,2554.671767940414,774014.5376638946,5375.881568572361,3217808.5750657753,0.026800137,0.00080456183,0.40059045,0.08657554,2676.8368855094413,177622.8970621158,89.10290948275862,0.0
All The Things She Said_4,0.07662730205916474,0.00392527040844666,2197.622866199959,1217840.8755354194,4714.072809418503,5011522.703782236,0.01649361,0.00065633154,0.3472144,0.09909245,2568.9519397258496,310990.30313052336,89.10290948275862,0.0
All The Things She Said_5,0.07796412775522042,0.002850015432141641,2212.8614334936105,963358.4915633245,4813.008135377393,4391299.223087315,0.018168936,0.00063942827,0.3559214,0.09342014,2569.2620553199845,295911.7878616496,89.10290948275862,0.0
All The Things She Said_6,0.11261510295823667,0.002124333221090797,2589.272596538946,500014.59028108546,5506.567127909295,2651173.211316018,0.03289317,0.0007012987,0.42710525,0.07996969,2692.3260110363512,170882.97176188594,89.10290948275862,0.0
All The Things She Said_7,0.13657203904437354,0.0010443019147302007,2709.583089780197,206502.46369588305,5531.185424521462,1464781.3070244784,0.038718548,0.0006447746,0.437148,0.072257504,2637.128521499226,106667.854284101,89.10290948275862,0.0
All The Things She Said_8,0.1422286243837007,0.001590064220646759,2850.447648213836,313577.7800731731,5949.534093586862,1687375.7340860937,0.042756993,0.0009359723,0.44230086,0.075337544,2727.2773025871625,138202.54714648862,89.10290948275862,0.0
All The Things She Said_9,0.14252997661687936,0.0016389176957096873,3038.086511844967,236053.36199690113,6543.845503734049,864838.5453219336,0.05189677,0.0010927354,0.45516133,0.072428055,2873.014482394268,71783.58609756605,89.10290948275862,0.0
All The Things She Said_10,0.1340354689312645,0.0020847053598191828,3010.882372871226,428354.6910176916,6502.015632930322,1211551.2992945479,0.045192294,0.0010783505,0.3974914,0.080466956,2873.4787970009043,76763.96856015791,117.45383522727273,0.0
All The Things She Said_11,0.12185562735643851,0.002791169171850269,2769.065271255814,701524.3044187973,5889.218642374202,2494928.7269536573,0.029269123,0.00080676697,0.33391657,0.08601401,2747.3031704863033,162051.60240481916,123.046875,0.0
All The Things She Said_12,0.12350570076856149,0.002013486074214482,2605.3644616694587,435408.375682667,5450.698208200406,1937699.038461797,0.027659519,0.00065603736,0.36108673,0.08217211,2628.3319255861143,129659.55808572167,89.10290948275862,0.0
All The Things She Said_13,0.13282326257975638,0.0010947629584531764,2716.9210036772392,246716.55715540345,5647.419756471143,1511685.8855874727,0.038864683,0.00076871604,0.42681006,0.07333766,2676.448942370877,94978.64307598163,89.10290948275862,0.0
All The Things She Said_14,0.1348619217662413,0.0010383517651762224,2771.1918916669792,199289.08422356396,5752.400366834034,1444789.1651500321,0.04295252,0.0007409052,0.4575451,0.06901613,2704.2368378055858,89967.90190743611,89.10290948275862,0.0
All The Things She Said_15,0.13521538754350348,0.0014911302656504667,2783.0170591301103,242054.7370773177,5844.928190934962,1608315.4610451506,0.04388618,0.0009191252,0.4550507,0.069888815,2718.921071015628,99911.00180876892,89.10290948275862,0.0
All The Things She Said_16,0.12332160400957076,0.004189808827035491,2677.804502094857,645333.3723054616,5554.617146715487,2778256.4518263135,0.032903478,0.0012404034,0.35160363,0.09256213,2650.8442938883277,158964.766828433,89.10290948275862,0.0
All The Things She Said_17,0.13545443010440836,0.006972219612595583,2761.936015654789,871390.1259244992,5764.8281725819315,3126429.3255849336,0.03288118,0.0019993968,0.33676612,0.09783736,2703.138180888531,182463.4805179862,89.10290948275862,0.0
All The Things She Said_18,0.14670302530452436,0.003821618360823673,2869.092972726449,455448.4857492524,6023.064236740502,1962482.5034597032,0.044341166,0.0015952153,0.43353924,0.07895018,2771.9085574704854,121233.27224513616,89.10290948275862,0.0
All The Things She Said_19,0.13657203904437354,0.0008867199569772914,2768.1621103793427,193651.8368917071,5667.129382069315,1473057.5141049267,0.043220557,0.0006987704,0.44020808,0.06896825,2675.591007416208,95600.82929421528,89.10290948275862,0.0
All The Things She Said_20,0.112557891350058,0.0024771599656236254,2205.8387805889793,915575.1376880814,4406.799996148129,4884709.961730222,0.02856494,0.0009537901,0.38500807,0.079488754,2198.7797584763566,658774.0666763474,89.10290948275862,0.0
Animals — Martin Garrix_1,0.1944100058343057,0.011790339081553533,3277.745658982526,1127680.3873383412,7038.0658820740955,3824053.225987214,0.034478083,0.0014084056,0.437636,0.0986792,3037.586516080536,239254.63857064833,129.19921875,0.0
Animals — Martin Garrix_2,0.10734653694170533,0.0018426914168395273,2472.5928656244755,585361.6349951298,5568.131604825261,4489863.491259174,0.019811586,0.00089609856,0.3674775,0.09892207,2694.8448607606474,336018.7998713306,129.19921875,0.0
Animals — Martin Garrix_3,0.05292300337151972,0.0018858645074242163,1767.7966050476666,572042.8475338541,3878.724419047274,5199857.980945791,0.011380503,0.00053444295,0.446127,0.09618226,2414.937176097796,305057.1536380072,129.19921875,0.0
Animals — Martin Garrix_4,0.01888209650522042,0.0002054616170124566,1421.320096650903,403973.82661024074,3144.7969157845127,4518584.865833608,0.0058431183,0.00024290397,0.5579041,0.07663061,2383.412539985876,248269.0319445764,129.19921875,0.0
Animals — Martin Garrix_5,0.030989432279582365,0.0005694222628273567,1927.9725139210138,539559.4008322797,4800.617800400594,4932755.415979476,0.008101258,0.00025801008,0.5576926,0.0749322,2719.683449890204,231459.47856352394,129.19921875,0.0
Animals — Martin Garrix_6,0.04998651845272622,0.0011530230777935832,2152.6597906034867,432129.97250432783,5014.401039778495,3440041.7922735615,0.010188986,0.00023404484,0.5259191,0.0842736,2554.207585618452,326555.88426910475,129.19921875,0.0
Animals — Martin Garrix_7,0.05589857344837587,0.000933196086820809,1878.67392199611,370103.76580437797,3759.742230550319,2141173.3980718846,0.009498339,0.00017844285,0.39504063,0.10239391,2189.3268137505834,158861.88005707925,129.19921875,0.0
Animals — Martin Garrix_8,0.07556860408207657,0.001466812278094673,2372.0370431901893,628028.2790113599,5062.251214472158,3964316.318547365,0.02275449,0.0008699461,0.33922178,0.091995776,2567.858918062412,254953.6290607864,129.19921875,0.0
Animals — Martin Garrix_9,0.09463989541038283,0.0018327794449477272,2996.3028843645525,270661.3003808497,6647.88934481946,1481517.3215154912,0.03667796,0.001079063,0.39989913,0.08938274,2927.142460722068,130069.96504505642,129.19921875,0.0
Animals — Martin Garrix_10,0.11518905887470998,0.0021708881704010797,3249.726320955784,310936.86671978974,7056.408181599841,865778.2888212808,0.049639508,0.0009717871,0.39312583,0.09157673,3025.286042882297,64422.01141611198,129.19921875,0.0
Animals — Martin Garrix_11,0.1001803581786543,0.0061176473943544704,2634.8147326862004,1748725.9221423846,5453.108827807787,7609940.54286411,0.04425214,0.0018602102,0.44517726,0.093196705,2544.648906502637,642812.9754073245,129.19921875,0.0
Animals — Martin Garrix_12,0.05313202399941996,0.005274807577516011,1842.1935862581286,1340679.625952906,3859.6767770718534,6362073.487945605,0.02058334,0.0016034202,0.51941705,0.0852467,2119.7316319134716,611804.0326322604,129.19921875,0.0
Animals — Martin Garrix_13,0.03670379567865429,0.0013565810460949488,2000.1362508942548,499307.1491423265,4913.72956809201,3807176.0704839225,0.010789239,0.00039453412,0.5495342,0.0797739,2533.011370096346,410220.3634088438,129.19921875,0.0
Animals — Martin Garrix_14,0.043470626087587005,0.0017351510441183057,2028.7425508100368,429780.81183561194,4858.460180720707,3490127.9345913823,0.009100228,0.00024534125,0.5647087,0.07957258,2485.024423370797,380723.4271220023,129.19921875,0.0
Animals — Martin Garrix_15,0.10381187916908352,0.004423410787652783,2640.9065099608947,1077920.124840319,5552.306449164371,5677807.59927764,0.0374785,0.0014963269,0.44468156,0.09371778,2545.2299603420097,493874.51790624444,129.19921875,0.0
Animals — Martin Garrix_16,0.14329978429524362,0.0028596115447546925,3325.1225503390087,297844.05210015445,7070.5471525612675,1773634.0927682235,0.060519356,0.0014598247,0.3842428,0.089480415,2958.265814887283,195628.0111014045,129.19921875,0.0
Animals — Martin Garrix_17,0.11649756199245939,0.003492492250521597,3217.8323614363408,160929.99634537284,7021.82265987529,785528.4707398,0.049191613,0.0015500638,0.4045361,0.091224454,2980.1919390950407,98497.37859789371,129.19921875,0.0
Animals — Martin Garrix_18,0.10368839272766821,0.00196009530887432,3143.663982775684,238308.97027125146,6900.729617939748,708659.1046022634,0.043486852,0.000967243,0.4020998,0.08968936,2983.9552622881465,56698.86500739273,129.19921875,0.0
Animals — Martin Garrix_19,0.1067721550536543,0.005623229078644035,2799.829246584246,1494730.2349850931,5861.839998957729,6330052.445035817,0.046304524,0.0017405392,0.43066174,0.08978851,2660.2792803145353,544925.9107247465,129.19921875,0.0
Animals — Martin Garrix_20,0.07124091411687936,0.007085711833863542,2038.1987357298324,1874496.7280395953,4134.150175373405,8133505.0010905275,0.030132882,0.0019895912,0.49785325,0.089164175,2150.2310969744804,739939.1524356849,129.19921875,0.0
Animals — Martin Garrix_21,0.0356467970562645,0.001411104418406773,1907.9905779890412,659125.8084706872,4555.171759443881,4666062.530688929,0.010824101,0.00037642132,0.5470571,0.08083873,2392.793998314045,525751.0032598448,129.19921875,0.0
Animals — Martin Garrix_22,0.04498645047853828,0.002302220394172656,2333.4582559828145,254346.6522881276,5949.634015643126,1292564.831385705,0.013841122,0.00053421844,0.55487967,0.0774032,2871.424738003778,90709.21287183154,129.19921875,0.0
Animals — Martin Garrix_23,0.0569363127175174,0.0030130012110799373,2581.849963267204,285906.01878867525,6422.652539742242,1187143.4856740972,0.019222228,0.0007567436,0.55297,0.07919951,2971.8910859949324,88517.56007958436,129.19921875,0.0
Animals — Martin Garrix_24,0.04005832185324826,0.0013645543462806162,2291.311803391501,433104.0673331188,5942.55203990538,2244843.291960405,0.012491501,0.00048063567,0.56875014,0.072135024,2897.816191179937,130074.59202235212,129.19921875,0.0
Animals — Martin Garrix_25,0.031567779328596286,0.000611448480035079,1911.9123506209753,329911.16025046696,5001.24879912268,2637713.8908600826,0.007016293,0.00018092101,0.5655897,0.0718546,2680.3449204765657,169565.9910278821,129.19921875,0.0
Animals — Martin Garrix_26,0.030583286506670533,0.000565609602748707,1831.6165226830494,349445.281647506,4570.921973562573,3766026.6292578415,0.0069515775,0.0002240745,0.55823994,0.07751159,2633.9196373543405,214878.47481532043,129.19921875,0.0
Animals — Martin Garrix_27,0.024333626377610208,0.000154008613077679,1762.6074855949578,299899.30916217744,4421.938187672201,4109681.2671234873,0.0055083754,0.00016966759,0.5695479,0.07795232,2654.1492522326926,208568.82275561328,129.19921875,0.0
Animals — Martin Garrix_28,0.05330535817865429,0.002611824440420011,2009.6903620298597,485274.1982698074,4665.910378299014,3719514.4568606187,0.013505871,0.00068899797,0.50272906,0.09106849,2567.9622661611215,243181.89821644974,129.19921875,0.0
Animals — Martin Garrix_29,0.09988523691270301,0.0028309091509215395,2167.90297380606,431912.1631575827,4251.770925853756,2818535.4186323513,0.020783368,0.001038882,0.43711954,0.09386098,2181.090781652708,316603.7830583773,129.19921875,0.0
Another One Bites The Dust — Queen_1,0.07729094749273256,0.005964787545044271,2145.308833961404,1959639.710155886,4492.727561773256,8376959.995434329,0.028079417,0.0030173764,0.5245574,0.07800974,2365.459382935401,733702.2536254887,107.666015625,0.0
Another One Bites The Dust — Queen_2,0.0990695466574826,0.012257784921241046,2265.0854656431416,1826599.3510483152,4665.885397784948,6405699.752813825,0.02820482,0.0027846063,0.4735219,0.08499443,2405.4628166607677,527605.1250856256,112.34714673913044,0.0
Another One Bites The Dust — Queen_3,0.13438610245069604,0.015425777555435477,2639.7308443008537,1628720.083581237,5291.0102720327,4503596.224375197,0.035812583,0.002606632,0.46748614,0.08446626,2540.005614813872,296413.32223442016,112.34714673913044,0.0
Another One Bites The Dust — Queen_4,0.12374700913573086,0.009923552064734786,2605.3752649955127,1348662.7811226903,5293.408401383048,4356726.60554295,0.03801457,0.0027409706,0.49041885,0.08311804,2570.8158264819276,265766.1489462558,112.34714673913044,0.0
Another One Bites The Dust — Queen_5,0.10224677349187936,0.006932653882478468,2355.1443658009775,1428880.2067794679,4893.083173216357,5513572.0551494025,0.034263816,0.0030551886,0.50171787,0.081520684,2481.0556557205337,406477.6771324809,112.34714673913044,0.0
Another One Bites The Dust — Queen_6,0.10162480967227379,0.004814206022363536,2199.6025833608523,1144795.432916201,4459.758685968315,4883461.028439378,0.025122246,0.0018951738,0.46859705,0.08228148,2296.304261290667,463006.9478096528,112.34714673913044,0.0
Another One Bites The Dust — Queen_7,0.119145156612529,0.003034174006874229,2230.406139716924,638587.9017872857,4325.500913119925,3179447.2461850615,0.018129224,0.0006452832,0.41602543,0.08546966,2186.7720601332153,351777.47871829115,112.34714673913044,0.0
Another One Bites The Dust — Queen_8,0.14353542814675174,0.009937931008497334,2561.9263852015115,1093303.5257249845,4964.852190128336,3678535.051509689,0.031532656,0.0020799474,0.43357703,0.086274244,2347.097354548259,307978.9812507088,112.34714673913044,0.0
Another One Bites The Dust — Queen_9,0.13545159784657773,0.010168827243729691,2559.4854780722567,1141945.9994355435,5049.21138612964,3696798.568279158,0.034762338,0.002295398,0.43381798,0.087993756,2408.321752719221,281089.38383524574,112.34714673913044,0.0
Another One Bites The Dust — Queen_10,0.11404709251740139,0.0044078261176607545,2554.121328822596,909932.34771797,5217.742424276755,3509057.2193285837,0.03516038,0.0028113348,0.509008,0.088778,2495.529954997519,305391.4409992844,112.34714673913044,0.0
Another One Bites The Dust — Queen_11,0.09793437771896751,0.00536375237276435,2354.642517304126,1258851.1431124487,4823.27512665857,5149905.320927255,0.032681737,0.0028395003,0.590808,0.0672447,2394.3055383801557,462112.36623692815,112.34714673913044,0.0
Another One Bites The Dust — Queen_12,0.0831715170026102,0.002379239879984488,1847.5487782066427,755273.3066051842,3648.04186190364,4310863.5558417225,0.017635515,0.0007444623,0.55249536,0.07045519,2023.744499313342,516988.7231555603,112.34714673913044,0.0
Another One Bites The Dust — Queen_13,0.11179431463892112,0.0038732102839683542,2086.310632667271,738942.8811483614,3944.510602840415,3700992.209048724,0.02612614,0.0018560591,0.54174405,0.069683425,2017.9035182793132,478753.62529153365,107.666015625,0.0
Another One Bites The Dust — Queen_14,0.15485313043793503,0.005151975817211147,2611.8241364233454,645524.2627075549,4860.446131588965,2567164.350750287,0.04258398,0.0027393189,0.4766886,0.08724589,2234.309832217402,274259.14554488263,112.34714673913044,0.0
Another One Bites The Dust — Queen_15,0.1403270464762181,0.005874952149823319,2498.918609259816,786451.0831783924,4800.642780914661,2889453.558000839,0.034682542,0.0018191659,0.42440146,0.08925223,2285.2763066060656,237408.55929751645,107.666015625,0.0
Another One Bites The Dust — Queen_16,0.12934638286687936,0.0043504129203813715,2336.1160966723787,664057.2017603556,4486.512816533135,2747994.340160235,0.02202719,0.0009390345,0.43253836,0.08254627,2245.9102597206456,271654.82609499816,112.34714673913044,0.0
Another One Bites The Dust — Queen_17,0.14109685415458237,0.005587149668835695,2540.5620989286936,788871.9472840783,4905.111290739196,2914591.457177365,0.03317293,0.0020205288,0.45648244,0.07999528,2361.932551072871,234948.3802601373,112.34714673913044,0.0
Another One Bites The Dust — Queen_18,0.12680018307714616,0.0059431161872843695,2466.04748506518,949193.2110003136,4908.808406820983,3368654.543793277,0.03492668,0.0026104748,0.44746968,0.08482578,2376.7036191526204,254576.05881909817,112.34714673913044,0.0
Another One Bites The Dust — Queen_19,0.11982943010440836,0.0039375953004448,2282.659472321225,701888.1574411583,4502.250540394794,2632808.5917126583,0.024715316,0.0017426114,0.44091815,0.08464153,2256.7702009284217,262270.4742696257,112.34714673913044,0.0
Another One Bites The Dust — Queen_20,0.10240877863979118,0.003627798294824815,1969.691905179096,709395.437801306,3865.784512761021,3012008.4440352228,0.01759767,0.0008742912,0.45317814,0.08156075,2040.6312443541055,394346.5846262126,112.34714673913044,0.0
Apologize_1,0.028967915566314555,0.0018569503286858156,868.3135943297852,518967.65352779214,1803.7595936949824,2020871.2951355965,0.0024093431,0.0002369181,0.4722215,0.08161007,1245.8322793449797,297614.6887569382,117.45383522727273,0.0
Apologize_2,0.04467037050464037,0.0035116620804882697,1277.3110215650038,1039312.2945787171,2581.2864794808584,3740857.0219119783,0.006325234,0.00048904616,0.45562184,0.078504324,1648.0028389553497,421069.1423561071,117.45383522727273,0.0
Apologize_3,0.06185537811774942,0.0032052212770384324,1565.2002789990004,829350.2036916965,3155.22628040712,2846294.1824276336,0.0075890343,0.0005156667,0.39223844,0.08559049,1884.4922385042428,237389.60907769052,117.45383522727273,0.0
Apologize_4,0.09166829049448956,0.0054026101475187155,1962.592341123693,1029936.5511801087,3936.4543870540892,3184775.8941435963,0.011936545,0.0009976699,0.32190996,0.091355205,2045.6871334118593,242120.50046830665,117.45383522727273,0.0
Apologize_5,0.11481520084106729,0.006212418907252558,2591.902672872066,1191148.7368514177,5484.859061185833,4117693.939252716,0.024393221,0.0015417852,0.326606,0.090823665,2535.4096414318633,368808.26208131167,117.45383522727273,0.0
Apologize_6,0.10556164805684455,0.0040860869763190266,2799.5032893191383,966522.1744695468,6331.024014147694,3642239.5548925176,0.028233847,0.0013769143,0.37759486,0.09256516,2918.710997850254,245069.30779986095,117.45383522727273,0.0
Apologize_7,0.09825442285382831,0.0038197661051194523,2808.264685566419,1096530.4375240025,6404.928865012326,4080639.3988370746,0.02779685,0.0013826109,0.4483122,0.08726946,2980.4056701125373,267276.3028787535,117.45383522727273,0.0
Apologize_8,0.10335248694895592,0.003852881792599026,2782.1726192694337,960098.2492535064,6303.108289678799,3598255.014497119,0.030342266,0.0013486985,0.47109377,0.079341635,2928.5840789332683,258462.7630862956,117.45383522727273,0.0
Apologize_9,0.11141592499274942,0.0037837833729725983,2665.786449365855,690813.745960976,5982.021252129858,2894325.693438088,0.031580362,0.0014107197,0.42478812,0.084980495,2778.610517645541,212789.0305317226,117.45383522727273,0.0
Apologize_10,0.12107562354988399,0.003860077783863662,2724.7478835693014,668592.4727637093,5928.925169482309,2581140.371355227,0.033916246,0.0017989888,0.38725683,0.0871109,2714.704889577471,178367.45305143212,117.45383522727273,0.0
Apologize_11,0.12050973843532482,0.0037087292977080063,2825.4878205069535,722700.196155304,6175.969963339255,2538591.9374421267,0.032208744,0.0016565237,0.3504674,0.093380116,2788.5748129759654,182332.58809502344,117.45383522727273,0.0
Apologize_12,0.10522347647186775,0.003225831447610067,2749.6590857735096,790836.4444289017,6241.2690271081065,3081655.951633913,0.026585948,0.0012868207,0.34245792,0.095832705,2867.601726937381,219612.48748627346,117.45383522727273,0.0
Apologize_13,0.09458381670533643,0.002563252617606529,2621.8639621168804,945291.6184707962,5943.526279953959,4474349.89472272,0.023179345,0.0010594202,0.40907887,0.09039518,2805.256978912009,401605.66768968664,117.45383522727273,0.0
Apologize_14,0.11296630292923433,0.005920915585258413,2793.087098502013,1031063.8705398219,6114.517898736586,3745961.919234196,0.03194658,0.0017965961,0.40481853,0.090480395,2789.236160379657,336488.19555469835,117.45383522727273,0.0
Apologize_15,0.12538688641966358,0.006079257732053466,2897.014515773609,777243.3720624214,6324.579041518634,2240989.773019233,0.036574747,0.0019709496,0.34556082,0.090663254,2821.4781722058947,149080.97765983184,117.45383522727273,0.0
Apologize_16,0.12251780923723898,0.0035700803527917457,2775.7093535576278,590782.5460358089,6056.9877748423,2369788.443290966,0.031148162,0.0013955045,0.33614084,0.08733886,2746.2848137382007,159809.98259667837,117.45383522727273,0.0
Apologize_17,0.10358189983323667,0.003762772110800057,2343.429696576598,743515.8546254718,4957.995039017183,3900025.758802086,0.021880934,0.0011691964,0.31255904,0.08992443,2466.534073942085,254650.35334008414,117.45383522727273,0.0
Appletree_1,0.07780137835472578,0.006962482276177165,2519.359549250197,2188028.96028153,5268.172266992416,7430513.726166287,0.015684878,0.00086099,0.39635435,0.10659486,2712.9633010187586,372442.61477307725,95.703125,0.0
Appletree_2,0.06964352070040604,0.006634372831717396,2318.7905842017517,2006439.2863029768,4938.585179587804,7068105.9330669,0.014941287,0.0008819871,0.41830522,0.10338208,2626.7639308413845,385701.3055410207,95.703125,0.0
Appletree_3,0.061437903313515084,0.005883236923993298,1950.5005906121153,1442149.318344207,4214.487508610064,6131599.171988828,0.015439029,0.0015316952,0.42862126,0.10138442,2403.672012152201,391703.83409629134,95.703125,0.0
Appletree_4,0.053083875616299306,0.003530293596711688,1828.888956403515,1125910.1310383298,4007.8486962550755,5507297.358687985,0.012377704,0.0011134286,0.41884306,0.09999567,2338.6075527230487,381317.1560998083,95.703125,0.0
Appletree_5,0.05343734139356149,0.0026187361152733694,1917.3342707010895,1071613.8960495936,4173.5819168267835,5002922.549317454,0.010335367,0.00049828156,0.4056909,0.099370584,2393.8012733735654,340490.5231350414,95.703125,0.0
Appletree_6,0.06612415712006961,0.00328268481859292,2014.0591978113323,989414.9521514813,4268.932539017183,4106370.1029796307,0.010160604,0.000422094,0.4104262,0.09842707,2370.9155646944528,280065.877550484,95.703125,0.0
Appletree_7,0.06993864196635731,0.0027100361316146227,2051.262679075463,781725.571000638,4381.744540539806,3428697.161579312,0.009796871,0.0003073502,0.42008507,0.09634159,2392.271892535618,250258.82257503917,95.703125,0.0
Appletree_8,0.06360061539298144,0.0029839449749714435,1963.231807998408,930156.9611476063,4251.346257114632,4473733.327623481,0.011646119,0.00068435684,0.42832687,0.096572205,2370.160948725147,323139.76469436724,95.703125,0.0
Appletree_9,0.06315141930104408,0.003219794169728601,1939.769797642398,1026357.8958925083,4235.808377365502,4895727.735050506,0.011078633,0.0006496867,0.41861182,0.097707435,2358.002883183976,362160.64074632444,95.703125,0.0
Appletree_10,0.058584686774941996,0.0025345210694426566,2006.572571616334,1053279.3838366088,4451.902314294519,4985674.612377135,0.010040893,0.00039698006,0.4001654,0.10037282,2464.630287615028,348342.21091711806,95.703125,0.0
Appletree_11,0.05424736713312065,0.0027252047405800154,2021.5080769517135,1131253.5532708033,4421.800794844838,5266080.747753354,0.011425142,0.000576652,0.4020478,0.09921235,2510.390262176599,309200.98171760037,95.703125,0.0
Appletree_12,0.061064045279872387,0.0030324204567133153,1989.442382068299,984751.1792524072,4296.923205028277,4467018.95346044,0.011019112,0.00051055686,0.4105473,0.09755469,2420.9527704975085,288401.82208437147,95.703125,0.0
Appletree_13,0.06294183222157773,0.0024818981881860685,1938.3947620720003,845890.7685147205,4203.720907047564,4098734.3274719063,0.009947998,0.0003568731,0.4131466,0.09777729,2353.7621074594153,311685.57979835663,95.703125,0.0
Appletree_14,0.0571781875362529,0.002320525878338012,1831.8184718774103,1123199.4868429734,3957.2506650141386,5347962.703558838,0.009557918,0.00044569498,0.407947,0.099810846,2271.517686863194,432895.33850873966,95.703125,0.0
Appletree_15,0.05673069079901392,0.002650171220079579,1750.4862078839215,1348540.9966135516,3698.9896203415024,5978536.711444524,0.009038609,0.0005159256,0.4112207,0.1003941,2165.450265933746,503434.47056641354,95.703125,0.0
Appletree_16,0.054701094837587005,0.0026218601644416814,1852.4147663599783,1254231.2770273925,4020.2515214889067,6158915.93888955,0.009692623,0.0004902303,0.41233397,0.10003608,2336.0960507529885,490609.2932723846,95.703125,0.0
Appletree_17,0.05522619543938515,0.003360856661084321,2020.2805632577351,1201455.2240095634,4463.518253335267,6076335.956868003,0.011648276,0.0005987231,0.4009962,0.100005664,2555.6461482237605,357952.5577608817,95.703125,0.0
Appletree_18,0.062210543249709975,0.0032800715582016813,2016.1843610329242,1011412.0296617377,4383.193410355641,4812431.273893605,0.011140453,0.0005669572,0.41119912,0.10016296,2458.0389076506,310404.7157191564,95.703125,0.0
Appletree_19,0.06261385676479118,0.002076843258148138,1913.4901854733314,793935.2785562446,4133.038542497462,3811140.653587348,0.009220405,0.0003113423,0.4231051,0.09910042,2295.3882563616767,303395.8997938071,95.703125,0.0
Appletree_20,0.06166844910092807,0.0027673432478931754,1894.6017761640544,1073467.7614695567,4008.348306536398,4893456.814118677,0.0106254965,0.00045927305,0.4252261,0.09734258,2261.4403065113206,401923.6119467968,95.703125,0.0
Appletree_21,0.06261952128045244,0.0031909116602021744,1931.230257731028,1186861.59735046,4113.216504585992,5066395.00774778,0.012773578,0.00062152237,0.42582205,0.097392574,2309.142838521901,389960.3065194286,95.703125,0.0
Appletree_22,0.06263991353683294,0.0029515529242850544,1906.5819771853705,1026382.8587736533,4092.9697979353973,4536711.26301176,0.011458054,0.0005350251,0.426144,0.098906204,2335.0437583603098,319324.2500668808,95.703125,0.0
Appletree_23,0.06179760005800464,0.0029508730765836436,1868.5155540829692,1057650.4234440867,3977.7471768053942,4794461.435499287,0.0101661235,0.0004858676,0.43246397,0.095946305,2286.147736704406,361942.411646565,95.703125,0.0
Appletree_24,0.07166801859773782,0.004062666911731192,1971.1341209884845,1059883.133419395,4170.2844889700555,4346878.838070507,0.012545885,0.0007671131,0.43387815,0.096096516,2292.930468606207,327530.2716058302,95.703125,0.0
Appletree_25,0.07905851218097448,0.005007243017946746,1997.8057672234213,1105844.7458550264,4195.052668666618,4298598.885895723,0.013670717,0.0008411377,0.4324964,0.09553003,2270.973275541865,320389.2832078274,95.703125,0.0
"B.o.B, Hayley Williams of Paramore -- Airplanes (feat. Hayley Williams of Paramore)_1",0.09001378676470588,0.001965222897909092,1813.157754762242,905680.0558055347,3530.1153205422793,4080662.6126892627,0.009272685,0.00034035984,0.33779573,0.08429495,1765.2872521789411,734299.8448849841,92.28515625,0.0
"B.o.B, Hayley Williams of Paramore -- Airplanes (feat. Hayley Williams of Paramore)_2",0.09798195965052205,0.0010734830943491358,2339.947341060932,538280.3824715884,4776.586545868982,2947742.5233358047,0.015506807,0.00028517187,0.39141798,0.078919955,2418.3478139125345,273265.5860391945,92.28515625,0.0
"B.o.B, Hayley Williams of Paramore -- Airplanes (feat. Hayley Williams of Paramore)_3",0.11639163554959396,0.0036350283843447117,2485.6481263150945,632577.4573698713,5102.394900576421,2650681.250213055,0.027672218,0.0016571091,0.4147853,0.07951231,2449.2977147077613,202378.91826100685,92.28515625,0.0
"B.o.B, Hayley Williams of Paramore -- Airplanes (feat. Hayley Williams of Paramore)_4",0.12368639881815545,0.004635108954984973,2550.1409469903456,586884.0175604032,5242.335740374855,2017160.3563735909,0.03213497,0.0017590647,0.43757898,0.084331796,2432.568244311978,138249.67129763262,92.28515625,0.0
"B.o.B, Hayley Williams of Paramore -- Airplanes (feat. Hayley Williams of Paramore)_5",0.11023090831641531,0.0033321746728119943,2409.6303790662546,413143.8723380036,5074.629059191923,1395618.8046660102,0.025336333,0.0010826192,0.43418965,0.08620466,2379.549101457134,104219.49095612412,92.28515625,0.0
"B.o.B, Hayley Williams of Paramore -- Airplanes (feat. Hayley Williams of Paramore)_6",0.11393493510730858,0.0037929732633153876,2444.8451402967075,461627.53601822926,5131.684553318953,1454807.0015710078,0.029273858,0.0013860426,0.4390619,0.08278417,2395.635414303931,100041.8792108014,95.703125,0.0
"B.o.B, Hayley Williams of Paramore -- Airplanes (feat. Hayley Williams of Paramore)_7",0.11897578759425755,0.003368566529153665,2556.7142786035765,530492.7485152708,5298.054776999347,2113968.1836338285,0.03231687,0.0012558366,0.4304676,0.07721646,2507.8743992381746,165239.00645023864,92.28515625,0.0
"B.o.B, Hayley Williams of Paramore -- Airplanes (feat. Hayley Williams of Paramore)_8",0.11479480858468677,0.0024113293922012743,2592.180404166216,528621.7856141208,5395.366369543938,2433082.0046757623,0.031871565,0.0009492095,0.4235472,0.076008156,2594.9492248275196,192479.27021405366,92.28515625,0.0
"B.o.B, Hayley Williams of Paramore -- Airplanes (feat. Hayley Williams of Paramore)_9",0.11268590940400232,0.0022261700221736652,2481.361146753495,461654.325726908,5122.441763114487,2148792.0815051957,0.029293096,0.00075691286,0.4359523,0.07731163,2474.747594901953,179091.69213749637,92.28515625,0.0
"B.o.B, Hayley Williams of Paramore -- Airplanes (feat. Hayley Williams of Paramore)_10",0.11620357362964037,0.0032722199886814113,2449.2453245999286,505320.9211676764,5019.247259507323,2161359.143102545,0.029084874,0.0011029189,0.44647145,0.08093562,2397.3823543097196,168801.07386985532,129.19921875,0.0
"B.o.B, Hayley Williams of Paramore -- Airplanes (feat. Hayley Williams of Paramore)_11",0.11074411343532482,0.0033133599339364925,2403.8222946166998,467974.7942672664,4992.080950460412,1987069.3562476235,0.026286189,0.0010252299,0.45409647,0.08256591,2390.992181434449,157545.4665168162,123.046875,0.0
"B.o.B, Hayley Williams of Paramore -- Airplanes (feat. Hayley Williams of Paramore)_12",0.10933648129350348,0.0024184253087815052,2419.8136203769727,377478.53470357164,5075.7656725819315,1721889.6482487787,0.026022721,0.0007983684,0.44673726,0.08258588,2406.588459337114,147560.0336217461,123.046875,0.0
"B.o.B, Hayley Williams of Paramore -- Airplanes (feat. Hayley Williams of Paramore)_13",0.12231501957656613,0.003635637582825372,2662.5222070407103,585752.032999657,5596.621881117677,2151311.5131802624,0.0340044,0.0011778799,0.42924875,0.081702136,2580.857030172706,181568.48242236557,123.046875,0.0
"B.o.B, Hayley Williams of Paramore -- Airplanes (feat. Hayley Williams of Paramore)_14",0.12002032428219257,0.003537848786169918,2641.5531302753047,607389.5520191273,5527.975428463965,2376226.838642661,0.033859015,0.0010664138,0.42512932,0.07810915,2614.371876198349,182002.64077391537,123.046875,0.0
"B.o.B, Hayley Williams of Paramore -- Airplanes (feat. Hayley Williams of Paramore)_15",0.10793168140951276,0.0023565868559198943,2381.4452339591503,460752.26621761,4896.118305675392,1948084.6891166517,0.02777852,0.0007759157,0.43190497,0.0736813,2423.5032739351827,156163.90258061455,92.28515625,0.0
"B.o.B, Hayley Williams of Paramore -- Airplanes (feat. Hayley Williams of Paramore)_16",0.10299392310759861,0.0019567712447806293,2240.0610561955373,415743.2363437423,4564.664354789008,1703706.7899706687,0.022818115,0.0006357477,0.42351875,0.07564224,2282.33470856065,136645.28561259795,92.28515625,0.0
"B.o.B, Jessie J -- Price Tag_1",0.09605107571407538,0.006168642334760353,2577.4498373001343,1054529.7769712352,5598.4679528765455,3284980.343619601,0.026074555,0.0014341248,0.4050822,0.09324109,2708.0566536697365,200649.53800648887,172.265625,0.0
"B.o.B, Jessie J -- Price Tag_2",0.12355384915168213,0.00907401411734129,2881.016931815532,1254988.774558,6082.742684844475,3763357.818843051,0.031131828,0.0016982754,0.41660663,0.09252258,2831.6895060249403,245422.5354884929,172.265625,0.0
"B.o.B, Jessie J -- Price Tag_3",0.13599879005945475,0.0083998640669236,2963.271280867123,1122812.5920999227,6159.395392256381,3436687.2163511817,0.03275178,0.0017278814,0.41209587,0.09174469,2825.0204687217415,236970.57326899498,172.265625,0.0
"B.o.B, Jessie J -- Price Tag_4",0.14339778041618328,0.008000949139174336,3040.043712774206,911873.6717916593,6292.341688116299,2534933.473297844,0.0367188,0.0016903961,0.40234002,0.090062425,2806.115305069176,160311.11627898028,172.265625,0.0
"B.o.B, Jessie J -- Price Tag_5",0.1495704031322506,0.008067203958950105,3113.2180070331838,762085.1345839223,6504.288859710339,2002810.5978111723,0.042978194,0.0019386318,0.42023697,0.086800784,2860.2960992581006,111591.66851942718,172.265625,0.0
"B.o.B, Jessie J -- Price Tag_6",0.13109558530307425,0.006499195672138609,2914.6716784196437,774116.967442208,6224.706946282265,2418495.2497433824,0.039396375,0.001938571,0.43505582,0.08327611,2837.2797252531022,134387.2028890915,172.265625,0.0
"B.o.B, Jessie J -- Price Tag_7",0.11867783407047564,0.005333932162662135,2730.488299730642,794654.1051605232,5824.206854517111,2820608.6527812784,0.031133244,0.001530757,0.4277544,0.08278558,2737.7629109451054,175987.0832928671,172.265625,0.0
"B.o.B, Jessie J -- Price Tag_8",0.12195022476798144,0.005471533207989862,2691.9398249747014,867983.1625074487,5617.830337559817,3081781.470112327,0.027805043,0.0014328774,0.41865703,0.085620664,2685.4563534818362,200993.80812846773,172.265625,0.0
"B.o.B, Jessie J -- Price Tag_9",0.13696005836716937,0.00695975016856074,2861.0724349245625,935419.5439673382,5873.605821082874,3036108.798912529,0.03200977,0.0015898838,0.40693972,0.08821815,2723.8347641066985,190014.3951149928,172.265625,0.0
"B.o.B, Jessie J -- Price Tag_10",0.1453826267038863,0.006696560084102655,3039.941951789495,732989.4509288471,6320.369824898492,2268523.0180002917,0.03895882,0.001624287,0.41059086,0.085499205,2815.2221620133137,141487.44560275954,172.265625,0.0
"B.o.B, Jessie J -- Price Tag_11",0.14207115084831787,0.005893475975254276,3038.1615125440458,623887.5995201721,6422.227871003118,1943396.0067393635,0.043266978,0.0018759524,0.42939058,0.08057888,2861.9979181595295,110698.86484563546,172.265625,0.0
"B.o.B, Jessie J -- Price Tag_12",0.135027892075116,0.0063582380277277875,2933.955130098447,876683.2041431487,6176.31969053618,2817931.2996054175,0.042438768,0.0021842457,0.43808255,0.08225421,2796.1927687049383,168837.2320722598,172.265625,0.0
"B.o.B, Jessie J -- Price Tag_13",0.11850563279437355,0.005040947959432576,2728.2238542611535,1027738.152561385,5745.280920325188,3585919.851756666,0.032574385,0.0015166497,0.4295039,0.08538942,2705.1128282272953,254066.69793863627,172.265625,0.0
"B.o.B, Jessie J -- Price Tag_14",0.11500666147041763,0.0059802207272904515,2638.2186200095653,1040939.0820651673,5604.965372815763,3670263.388119158,0.026671296,0.0010313367,0.42110726,0.086585,2697.2965610890164,271675.70967314433,172.265625,0.0
"B.o.B, Jessie J -- Price Tag_15",0.12522941288428074,0.006949302689873498,2773.8394409030625,984841.109513535,5847.738498767401,3288779.565699337,0.031129556,0.0012008959,0.424217,0.08395549,2733.2235989915866,206708.09429518945,172.265625,0.0
"B.o.B, Jessie J -- Price Tag_16",0.12396905814965198,0.0038499968534790137,2951.420277811949,690518.7756826275,6239.120702898419,2367292.5848252117,0.033843458,0.0010157125,0.4380472,0.079585634,2819.7201802976883,142325.58114914867,172.265625,0.0
"B.o.B, Jessie J -- Price Tag_17",0.12574658316415313,0.0024180475285163878,3007.257110637923,476257.19759354414,6392.063900268271,1786096.6816348273,0.03693227,0.0009888277,0.4577177,0.07829243,2861.176091961687,113639.67334359633,172.265625,0.0
"B.o.B, Jessie J -- Price Tag_18",0.1314728420461137,0.0021284346624502706,2988.5087702745514,388139.0155335524,6289.356516685398,1726335.275118846,0.040595822,0.0010615358,0.46837473,0.07530471,2819.0443737407936,110547.28559867307,172.265625,0.0
"B.o.B, Jessie J -- Price Tag_19",0.12476095743909513,0.0018731600187307394,2871.3459625651562,442681.2294397014,6002.892471632105,2249970.027387411,0.03724684,0.0011430249,0.46011487,0.07716241,2733.8470302206797,158367.67218426822,172.265625,0.0
"B.o.B, Jessie J -- Price Tag_20",0.10740374854988399,0.0013401228457938115,2295.050782786294,488473.01423195633,4635.34671933911,2691653.861324,0.018904524,0.00068220193,0.396581,0.08615346,2356.2033589004755,222197.38666784437,172.265625,0.0
"B.o.B, Jessie J -- Price Tag_21",0.10039617622534802,0.001010814235432985,1995.231968201873,215354.77309336988,3760.878843940328,714207.9950784823,0.0075057587,8.1780876e-05,0.3218296,0.08781049,2193.7971593416733,95153.62015970435,112.34714673913044,0.0
Bad Bad Boys_1,0.13257814803213444,0.0030117225138640946,2812.4731020291824,436600.7657989379,5923.535328991008,2017023.6453765107,0.03280985,0.0012605239,0.40501308,0.09005063,2663.854987460483,229686.7827474825,95.703125,0.0
Bad Bad Boys_2,0.10953757159947795,0.0028841720778857876,2628.159563651516,434472.585451881,5795.304399742605,1832387.843806277,0.022651292,0.0008311632,0.40171292,0.091178395,2718.3184669231346,160847.76230571096,95.703125,0.0
Bad Bad Boys_3,0.10308228955191415,0.0018961070266198046,2645.71631553724,400352.06674894516,5903.8322431028855,1817050.4903324204,0.01867917,0.0004036717,0.3863732,0.09264372,2773.5119966199463,170827.07761382233,95.703125,0.0
Bad Bad Boys_4,0.09984388594837587,0.001613768282382831,2703.335658158331,366269.4512412232,6101.253245767474,1671187.8935916268,0.018897785,0.0003432739,0.39001906,0.093476824,2837.0150058116014,151593.2737502894,95.703125,0.0
Bad Bad Boys_5,0.11771090124709976,0.0024230556368007045,2844.6414292740405,352074.10960938554,6270.458757794374,1501084.2166034954,0.030662015,0.0010338483,0.40923283,0.09083804,2836.8164812726804,128607.58252085451,95.703125,0.0
Bad Bad Boys_6,0.12833866553074247,0.0030960818903022947,2841.656178003199,412148.9703976114,6090.449173433874,1739324.623122899,0.03431015,0.0013227852,0.4034623,0.08751043,2756.2551706078175,140050.81353450584,99.38401442307692,0.0
Bad Bad Boys_7,0.10802514591792343,0.0027045543104577503,2622.5375492536914,398286.1775615113,5792.181835484339,1780929.2969927685,0.022170667,0.00076440925,0.39012817,0.09098822,2716.1409900907224,156767.36098566148,95.703125,0.0
Bad Bad Boys_8,0.11689747679814386,0.004114969669702459,2747.2179301072442,524173.3289309335,6040.850362755583,1763187.2421593368,0.023043364,0.0007556176,0.37934515,0.09388406,2777.683374061307,154752.53156785,95.703125,0.0
Bad Bad Boys_9,0.115225311774942,0.004362464698731828,2785.9534109978317,531652.6848686576,6155.948081315255,1507873.588561291,0.02289677,0.00072485546,0.37131998,0.094346926,2806.819030027395,128751.40925210064,95.703125,0.0
Bad Bad Boys_10,0.12091475130510441,0.0027448412320377714,2856.7206739894928,402497.824898523,6242.8552897513055,1445592.280322596,0.032380793,0.0010963074,0.3960952,0.08924239,2810.8474191094365,121918.92234063182,95.703125,0.0
Bad Bad Boys_11,0.12825822940835266,0.0029558553896978064,2843.3486925546927,413880.6510296837,6089.637306726726,1770884.1639548505,0.0345314,0.0012257915,0.4121763,0.086856924,2755.7782253389237,141925.7420988052,95.703125,0.0
Bad Bad Boys_12,0.10549933838457076,0.0026215551671653703,2584.6666149662624,389521.0318211235,5717.764884081352,1744419.0029535068,0.020127712,0.00061480526,0.39560696,0.09133731,2702.4029894191362,154677.40365274283,95.703125,0.0
Bad Bad Boys_13,0.11440452345562645,0.0029504534760689746,2677.7754218542964,412931.3119791165,5623.963053763051,1513334.5993163183,0.02148388,0.0007411381,0.35613135,0.094858885,2623.570091019709,138620.94113857576,95.703125,0.0
Bad Bad Boys_14,0.14176526700261022,0.0029675485108370658,2938.754870207449,389974.0814918373,5928.775286397912,1711337.787154669,0.034886952,0.0013268117,0.3679333,0.090878285,2639.4667472733154,158214.44343835322,95.703125,0.0
Bad Bad Boys_15,0.1332107154509861,0.003175363648987075,2835.2441070087216,416716.0435933718,5999.620024289443,1865333.2752736087,0.032970548,0.0011842947,0.40091568,0.085651666,2714.753801573267,170057.86539023346,95.703125,0.0
Bad Bad Boys_16,0.10718339889066125,0.002642520725309633,2583.648370803795,379685.49552803003,5653.24021624855,1729912.7915356804,0.01884849,0.00059625064,0.37832215,0.09217601,2667.0930360358147,176522.03189922846,95.703125,0.0
Bad Bad Boys_17,0.1498190753697796,0.004894923149171541,3011.2758938535526,540023.754912603,6189.646794790458,1958024.5764115136,0.043451384,0.002322126,0.3715812,0.091471754,2728.285797027573,180694.12246774667,95.703125,0.0
Bad Bad Boys_18,0.1748471713674594,0.003067045497915849,3237.133430978079,380440.03127195465,6525.921984891604,1666425.5942333008,0.05956539,0.002122268,0.40927333,0.0837126,2787.4477356337097,142188.09232802351,99.38401442307692,0.0
Bad Bad Boys_19,0.15102505075406034,0.0019882468722487176,3020.6237615958526,348855.7727778945,6308.254275576421,1736646.2744694292,0.048153084,0.0012863543,0.43600655,0.07830881,2778.9886256468867,142756.6995690525,99.38401442307692,0.0
Bad Romance_1,0.12368971186254396,0.0010987442059445596,2903.9676274009034,151548.27814900575,6379.6468862195925,667482.7888090449,0.029476823,0.000566031,0.28129742,0.09032085,2774.8404283154273,47235.85910567093,117.45383522727273,0.0
Bad Romance_2,0.11584387688515081,0.0014805713198826074,2779.9843190610095,207037.49251378342,6051.829298687645,958043.93037949,0.02342271,0.00043649774,0.34777725,0.091983855,2687.7451791511926,71099.82595819165,117.45383522727273,0.0
Bad Romance_3,0.09729485390081206,0.0021040461155165916,2642.079519474067,348766.56763574085,5769.462057941198,1431460.9751950821,0.019347098,0.0005065487,0.43950802,0.090513036,2662.6998260169617,90384.22393425653,117.45383522727273,0.0
Bad Romance_4,0.07104378897186775,0.0008807651115292544,2465.685449519137,296463.90660459857,5588.678077644649,1183690.859185405,0.01739907,0.00028726336,0.53313017,0.0726902,2716.563262825564,81366.72510978485,117.45383522727273,0.0
Bad Romance_5,0.07276920044228538,0.001325638320300071,2504.7642135335036,431136.0463091161,5646.0583184545385,1279058.8378349296,0.017955681,0.00033180724,0.5301357,0.073478036,2735.695557196106,78747.4167344494,117.45383522727273,0.0
Bad Romance_6,0.07487413446200696,0.0017499077466478575,2530.2976176824204,502410.87596137356,5731.029537050464,1532831.3239193405,0.01972395,0.0004903887,0.5078578,0.07761588,2760.6742684937135,86735.29556873435,117.45383522727273,0.0
Bad Romance_7,0.09286123749274942,0.002418409403064771,2623.508648389084,429695.8643104217,5899.560575197578,1720191.850032302,0.026842475,0.00062480726,0.47435486,0.07848561,2780.4736830537317,91347.39433318612,117.45383522727273,0.0
Bad Romance_8,0.11283658552059164,0.0016216457641898467,2770.4938369453894,248273.16974268167,6158.258778866371,1250854.6960157615,0.031273153,0.00047496625,0.4303224,0.077228695,2815.6122096471663,73497.10314221076,117.45383522727273,0.0
Bad Romance_9,0.10804157301334107,0.0008430064856217061,2772.8800041550876,87124.38094334434,6255.058270872607,379874.2869205439,0.029948598,0.00031723527,0.39951658,0.08024288,2842.7051926437503,26853.722572425315,117.45383522727273,0.0
Bad Romance_10,0.09924797890081206,0.0006317378172418897,2682.9246787314887,72388.42518162735,6102.33989812935,290035.6665748336,0.027505467,0.00026873182,0.41893187,0.08152213,2810.3257448859745,22110.830840567316,117.45383522727273,0.0
Bad Romance_11,0.08908017328886311,0.0008624899942524354,2583.061552721616,177149.77421191154,5888.631600293648,683919.0711957084,0.022778554,0.00028805705,0.4687944,0.07739319,2748.316678189156,46627.10246789682,117.45383522727273,0.0
Bad Romance_12,0.07702381815545244,0.0010308494289922939,2469.134552140546,242776.2743985187,5620.190996139067,891164.3661351434,0.01895066,0.00030732408,0.51516694,0.073987566,2687.5601612279056,56858.06203059691,117.45383522727273,0.0
Bad Romance_13,0.0728904210774362,0.001364884304792768,2434.1235369901297,412341.2066803522,5458.841855785963,1257929.185958903,0.01766685,0.00034581302,0.5339934,0.071535766,2661.2043996571674,79132.48496103189,117.45383522727273,0.0
Bad Romance_14,0.07786613163428074,0.0018846254934504695,2517.378558505896,509844.9302868081,5638.863930403495,1526620.7774952624,0.020392222,0.0004823533,0.5124968,0.07494001,2715.0165764378585,89363.61552920281,117.45383522727273,0.0
Bad Romance_15,0.08967381453016242,0.002217847507582831,2594.4121942207,457792.48107015673,5797.015564956134,1822043.8409642153,0.024736626,0.0005142239,0.4862287,0.075719364,2749.5004736563383,115105.43338717327,117.45383522727273,0.0
Bad Romance_16,0.10724117695040604,0.001826865199490607,2745.037154116094,356597.87285672623,6084.51630134317,1612866.0476983213,0.029646095,0.00047002922,0.44269714,0.07634997,2799.51869165245,111753.2521952994,117.45383522727273,0.0
Bad Romance_17,0.11081718568735499,0.0009203892417550111,2809.858662746692,128928.37196723692,6286.958387335049,477632.90200575854,0.03204243,0.0003920977,0.39625987,0.08004643,2849.645964395349,33971.39237344393,117.45383522727273,0.0
Bad Romance_18,0.09750670678654293,0.0007808266953281609,2649.533179529243,150173.37102990362,6012.4974792905305,653407.7129036334,0.027051957,0.0003369416,0.41620538,0.08095337,2785.2429613280715,46490.24678454133,117.45383522727273,0.0
Bad Romance_19,0.08559649615719257,0.00075731133024162,2472.9635732068164,182992.67450509206,5649.6929832511605,882113.3270843115,0.02125197,0.00025470482,0.4742501,0.073404394,2679.4929192244,61568.87547080155,117.45383522727273,0.0
Bad Romance_20,0.07766164261890951,0.0009627584941039573,2307.0017694402654,338010.4947191576,5148.14671208853,1925413.8939080006,0.018653838,0.00035511784,0.48819032,0.071032435,2551.9259456951645,124802.8121788706,117.45383522727273,0.0
Bad Romance_21,0.07015955807714618,0.0011840822052884652,2194.206040589239,460923.81652621756,4759.762169645446,2635288.229712431,0.01743337,0.0003826673,0.5094385,0.06957577,2456.6769206574572,188162.5967095956,117.45383522727273,0.0
Bad Romance_22,0.09776557515226218,0.001947989814437187,2435.1680118728846,369747.06330871186,5176.999205834904,1732885.1564744266,0.024007723,0.0004545367,0.4336655,0.08541763,2514.434530439803,115516.42888140502,117.45383522727273,0.0
Bad Romance_23,0.13137427947360789,0.0008619269852723955,2701.391545605783,147786.3184132384,5626.386163627465,676353.8887946306,0.033376038,0.0005122266,0.3469898,0.084589645,2606.464154423596,42082.77989158102,117.45383522727273,0.0
Bad Romance_24,0.14338135332076565,0.0010847816814540667,2780.459756284,146701.31292144442,5756.834408080771,790393.7156810404,0.038382802,0.00055560214,0.3596475,0.0826427,2626.929634834516,48467.77901335214,117.45383522727273,0.0
Bad Romance_25,0.14318875978828308,0.0011462014331922667,2938.5357756328567,131045.01209765818,6231.938805104408,668153.200726722,0.038232327,0.00057158055,0.3745997,0.08398526,2736.324379102288,46675.023784915466,117.45383522727273,0.0
Bad Romance_26,0.12800955717082366,0.0009915070678117091,2941.987141415885,109025.78366888849,6413.272356710412,414643.5137107723,0.035094146,0.00047071034,0.396636,0.08219687,2824.506997002302,29419.00221265217,117.45383522727273,0.0
Bad Romance_27,0.12098555775087007,0.00081990342645089,2826.330492386917,106444.62177917277,6245.24092884462,407590.67060842423,0.03438226,0.00040511292,0.39652303,0.08011236,2802.099804114568,28762.739392498675,117.45383522727273,0.0
Bad Romance_28,0.11823656830046404,0.0011712340337880092,2754.0420203520935,153922.8272116132,6008.800363208744,844271.6180146378,0.026647523,0.0006368649,0.37464172,0.08936731,2679.139422694598,81428.2240287849,117.45383522727273,0.0
Bag Raiders -- Shooting stars_1,0.24403565052979115,0.030015782401119427,3752.7162602380104,1886930.77923662,6864.885679802672,1501706.4765125092,0.035898384,0.0013221995,0.34537047,0.09617789,2668.7901939510953,141626.35190192956,63.02400914634146,0.0
Bag Raiders -- Shooting stars_2,0.11121200242894431,0.004605494144925321,2630.1829110859817,928024.7454353076,5763.404283280162,2972009.799886095,0.012878576,0.0002688939,0.3391604,0.101398274,2667.8078041003505,185352.36047100916,123.046875,0.0
Bag Raiders -- Shooting stars_3,0.09248341429814386,0.004487576973861744,2238.2549232036126,750753.599124242,4844.35868053038,2793860.551177599,0.01107702,0.00021575483,0.41430202,0.09908961,2446.60047633787,218770.09653822926,123.046875,0.0
Bag Raiders -- Shooting stars_4,0.0816302022911833,0.0031458176723596887,2083.7537379391906,463338.00255877845,4600.636295044229,2309180.7385294572,0.011933121,0.0005132009,0.4441982,0.0884612,2414.644212331119,204602.0722562982,123.046875,0.0
Bag Raiders -- Shooting stars_5,0.08782774887616009,0.0037599768014896,2148.6906254147093,612658.3431499162,4691.602837016024,2402969.7622339097,0.014425822,0.00064480834,0.43372285,0.08859397,2444.1893330865596,184647.55988803934,123.046875,0.0
Bag Raiders -- Shooting stars_6,0.09436233414298144,0.003655188974479197,2277.581390958399,684194.4906265336,4879.706107933947,2235750.2746749693,0.017500376,0.00064840575,0.44410738,0.08784889,2470.854022118236,165106.2209916987,123.046875,0.0
Bag Raiders -- Shooting stars_7,0.10306189729553364,0.0036527199654719294,2368.4258823389096,586718.9490906412,5047.200454747317,1946129.795742126,0.01992075,0.00069105905,0.44773805,0.087522246,2510.9015181800437,138146.53441218022,123.046875,0.0
Bag Raiders -- Shooting stars_8,0.10837747879205337,0.0034482377897097024,2522.3987602823245,587038.2990993289,5500.721687617822,1971866.2513770824,0.022688655,0.00068048906,0.44251394,0.08543147,2640.4670138849874,123023.46178203193,123.046875,0.0
Bag Raiders -- Shooting stars_9,0.12175366607453596,0.004813800691462848,2786.8488614616253,669642.9358417839,6104.950361849261,1546288.2861807086,0.02941597,0.00090799213,0.43268678,0.08199556,2781.1328567432147,77828.74589838489,123.046875,0.0
Bag Raiders -- Shooting stars_10,0.11177958689820186,0.004903039384222332,2378.1655882416617,836397.8016026254,5348.053275902697,2566455.824515346,0.019134747,0.0008229708,0.43837073,0.08551427,2592.5726493617017,141597.35707819025,123.046875,0.0
Bag Raiders -- Shooting stars_11,0.09043342608033643,0.0027790771641107164,1626.112140468452,472678.530579214,3463.3859019268416,2719879.2712001293,0.003147855,0.00014543402,0.36474892,0.1056791,1869.0271991211869,466742.28287696315,123.046875,0.0
Bag Raiders -- Shooting stars_12,0.06552201910527843,0.0016029213469139656,1074.7674647826623,282108.3451835096,2025.8572394775956,1443213.9061554435,0.0002891949,7.7798967e-07,0.31481904,0.10002325,1193.8875744927234,250214.66844256813,123.046875,0.0
Bag Raiders -- Shooting stars_13,0.07680403494779582,0.0020236872618415343,1496.2955347045738,656132.3795006098,3011.87560043866,3128247.5753440377,0.0060251206,9.537779e-05,0.3542745,0.0887879,1601.720441430294,484063.75368125236,123.046875,0.0
Bag Raiders -- Shooting stars_14,0.126925935324826,0.004921642458119739,2598.5840905504797,587714.6360320987,5418.3734229988395,1899633.4043405163,0.030508017,0.0016820899,0.38993478,0.08645402,2489.062873852555,200633.69984593036,123.046875,0.0
Bag Raiders -- Shooting stars_15,0.14011122842952436,0.007035877934412741,2949.6184593143325,654510.1157465727,6334.421364060688,1115807.2700468814,0.04670404,0.0022690224,0.42298174,0.085213974,2800.68318875407,54560.44902070128,123.046875,0.0
Bag Raiders -- Shooting stars_16,0.1384073421186195,0.005994737009028471,2933.4946852957964,601846.1682608009,6331.873351625943,1109914.5149898296,0.04521766,0.0020251677,0.4199357,0.08720463,2804.0165178867464,57083.58466649698,123.046875,0.0
Bag Raiders -- Shooting stars_17,0.13917941560324826,0.006163966257149746,2952.7916051626107,593098.6884293093,6354.917875851943,1008131.7695802372,0.046119705,0.0021252995,0.41370648,0.08508388,2805.746074317617,51086.68944118218,123.046875,0.0
Bag Raiders -- Shooting stars_18,0.13892847755945475,0.006202979579744948,2965.1913899448905,587447.9166380359,6386.2434404908645,950318.3539302709,0.04605668,0.0020386213,0.41473913,0.082964964,2814.271046705172,48758.05493805904,123.046875,0.0
Bag Raiders -- Shooting stars_19,0.1390106130365429,0.005741296717897007,2959.6454610151277,583882.5168169566,6376.588471804307,1024317.6977467721,0.04586215,0.0018778519,0.41536316,0.08171279,2814.2796998311737,54638.92930120602,123.046875,0.0
Bag Raiders -- Shooting stars_20,0.13878063370069604,0.0034645896041860013,3005.8082458800272,372725.9194839863,6509.896985118185,811522.0226248516,0.043351624,0.0013487795,0.3899137,0.08655244,2825.9898911452715,46262.17777037366,123.046875,0.0
Bag Raiders -- Shooting stars_21,0.14612184599767983,0.0013536739863779814,3103.962494899588,162934.98327607414,6650.225022884643,668996.5908546962,0.04025919,0.00082019035,0.36644503,0.08986773,2817.878503805862,60097.585567745926,123.046875,0.0
