filename,MFCC_Mean_1,MFCC_StdDev_1,MFCC_Mean_2,MFCC_StdDev_2,MFCC_Mean_3,MFCC_StdDev_3,MFCC_Mean_4,MFCC_StdDev_4,MFCC_Mean_5,MFCC_StdDev_5,MFCC_Mean_6,MFCC_StdDev_6,MFCC_Mean_7,MFCC_StdDev_7,MFCC_Mean_8,MFCC_StdDev_8,MFCC_Mean_9,MFCC_StdDev_9,MFCC_Mean_10,MFCC_StdDev_10,MFCC_Mean_11,MFCC_StdDev_11,MFCC_Mean_12,MFCC_StdDev_12,MFCC_Mean_13,MFCC_StdDev_13
"7 Seconds -- Youssou N'Dour, Neneh Cherry_1",-220.85213,114.88759,127.10273,43.04051,-8.352807,28.400259,49.5,19.258394,-2.0700843,14.87804,30.720768,22.691921,-2.4606361,12.433718,15.38917,16.659916,-7.3895044,8.328297,6.6059303,13.516421,-2.262996,9.886468,5.8269315,8.36184,2.5966387,6.3212705
"7 Seconds -- Youssou N'Dour, Neneh Cherry_2",-177.18689,53.960754,141.07071,30.124899,-2.857252,16.72329,51.72928,11.961886,-3.522262,14.483647,39.33285,13.511899,-1.4480733,12.932646,21.093435,10.574748,-6.1932793,7.9280443,11.1215725,8.926885,-0.88409007,9.868897,8.073796,7.189212,3.5264888,6.253897
"7 Seconds -- Youssou N'Dour, Neneh Cherry_3",-175.85992,55.39866,142.48146,31.48512,-5.452794,17.106672,54.20472,12.5301,-3.9571528,14.862545,40.402023,14.410908,-2.3755004,14.1163,21.413586,10.808199,-6.299252,8.296001,11.453906,9.105299,-1.5905281,10.299069,8.603446,7.199819,3.2885563,6.551465
"7 Seconds -- Youssou N'Dour, Neneh Cherry_4",-168.87038,55.242714,140.69824,30.286985,-5.928559,17.233326,54.209587,12.936077,-5.0749135,15.076431,41.380413,14.45346,-5.108227,14.671167,21.21708,10.822771,-5.7959657,8.874786,11.101801,9.165461,-3.6799006,11.097007,9.589622,7.566499,2.9982753,6.4823823
"7 Seconds -- Youssou N'Dour, Neneh Cherry_5",-158.13608,53.203526,136.64862,29.56993,-5.854443,17.531874,54.95231,13.563373,-7.205549,15.979454,43.979256,14.146444,-8.95504,14.0604725,22.159534,10.639447,-4.9000335,10.028434,10.879565,9.207662,-6.11554,10.927433,10.907071,7.68425,2.4254735,6.4012675
"7 Seconds -- Youssou N'Dour, Neneh Cherry_6",-152.10997,50.976982,137.6891,27.991798,-6.558939,17.070705,54.554134,13.242844,-7.1077256,16.306707,44.074944,13.608644,-11.179025,13.975544,21.219833,10.8559065,-3.4399679,10.658321,10.106455,9.381256,-7.743368,10.849631,11.607644,7.7279334,2.5790837,6.4668055
"7 Seconds -- Youssou N'Dour, Neneh Cherry_7",-146.69821,47.151436,136.16597,27.562162,-7.342241,16.767715,55.90908,13.349072,-8.835035,17.109411,46.600338,13.317838,-14.194448,12.308453,21.798326,10.818994,-3.5019991,11.137502,10.930451,9.425507,-9.515672,10.229095,11.685935,7.9983835,2.061838,6.3952017
"7 Seconds -- Youssou N'Dour, Neneh Cherry_8",-145.8422,46.18623,134.98433,27.963745,-4.7078805,16.527643,56.211025,13.120522,-7.9997125,16.93889,45.865074,12.995517,-13.453731,12.387525,21.526459,10.225977,-3.9620626,11.209989,10.469986,9.279477,-8.617611,9.694504,11.33516,7.537587,1.8331693,6.456655
"7 Seconds -- Youssou N'Dour, Neneh Cherry_9",-146.59099,46.0391,133.84698,27.81346,-2.4203367,16.72305,56.3352,12.984861,-9.7849455,16.984886,44.590626,13.036114,-12.506122,12.669678,21.385061,9.72157,-6.088516,10.440512,10.678084,8.918683,-7.2246714,9.681389,11.510114,7.3507714,1.5803244,6.790939
a-ha -- Take On Me_1,-193.96501,101.70683,100.469986,37.02551,-23.553938,23.860857,51.709778,20.67929,-5.919945,17.595385,26.28524,13.7783985,-3.9083064,11.85372,19.563194,14.47492,-8.903724,10.226894,11.777285,10.186108,-8.578254,10.237353,6.2897983,8.888656,-1.5824884,8.936755
a-ha -- Take On Me_2,-155.99657,74.52025,115.55777,30.966671,-31.479855,20.380129,49.73457,19.012896,-11.449765,15.066553,26.513115,13.1438675,-6.3681426,11.364203,18.372534,13.63005,-10.762589,9.699413,9.858088,10.0666,-9.603992,10.036961,5.1077332,8.777972,-1.6573685,9.2316475
a-ha -- Take On Me_3,-131.47336,63.162937,123.10794,27.445862,-36.593548,18.624138,48.924686,17.470156,-15.061502,14.237734,27.107756,12.281813,-8.172973,11.119286,17.593458,12.591011,-11.834143,9.394634,9.058829,9.609438,-9.7121315,10.035558,4.9925685,8.916243,-2.540469,9.31912
a-ha -- Take On Me_4,-110.90984,48.848038,125.80076,23.535383,-43.985146,12.390965,48.733414,15.021371,-19.618122,11.563956,26.90579,12.19647,-10.682705,9.814254,16.904184,12.230296,-12.659134,9.291982,8.269544,9.839648,-9.56699,10.07926,5.1287045,9.3904915,-1.4683198,9.294802
a-ha -- Take On Me_5,-107.66936,49.43323,122.66044,23.392456,-42.535503,14.208888,50.762016,14.598248,-19.973043,11.82519,27.53865,13.013134,-12.185113,9.903623,17.139315,12.269209,-12.445173,9.69466,8.242474,9.731571,-10.964759,10.5531025,6.526371,9.619556,-2.120749,8.959294
a-ha -- Take On Me_6,-107.093605,50.584644,117.845566,25.45365,-40.154697,15.000631,54.62072,15.837658,-18.153502,14.036465,30.489702,14.008779,-13.75911,10.292333,17.037912,12.605931,-11.997123,9.89454,9.507855,9.687186,-12.710193,10.142328,7.3462505,9.709475,-3.187559,8.462097
a-ha -- Take On Me_7,-108.24681,52.799744,116.45965,26.369604,-35.857292,15.764709,56.920628,15.798575,-15.390117,14.267735,31.79607,14.014256,-15.161755,10.964005,17.525423,13.446431,-12.064495,10.051192,10.121868,9.533382,-13.61943,9.4481125,8.062738,9.52652,-3.9999876,7.5529013
a-ha -- Take On Me_8,-99.79097,55.011597,114.55143,25.307589,-34.270714,14.253655,58.807384,14.432989,-13.799027,13.4061775,34.02914,13.335371,-17.089136,10.946229,19.2559,13.234555,-10.716973,10.536236,11.914671,8.97408,-15.786423,8.800767,8.926157,8.964131,-5.530036,7.404165
a-ha -- Take On Me_9,-85.491234,48.963303,115.98221,22.279322,-38.476654,13.100843,58.57139,12.886964,-13.391575,11.695878,37.082115,12.223556,-19.515104,9.934947,18.385708,12.749826,-9.574856,9.923398,14.554351,9.08027,-15.94419,7.866901,8.359139,8.572903,-6.008172,7.610341
"ABBA -- Money, Money, Money_1",-256.02362,94.29098,137.69928,32.317284,-30.330719,25.52944,28.779905,19.777935,-1.6967851,16.236197,12.646498,21.191402,1.030597,17.976004,2.2495549,14.241533,4.424231,11.770057,-0.58545786,11.847206,-1.656704,11.397015,-3.0537453,9.583035,3.7163763,9.363631
"ABBA -- Money, Money, Money_2",-235.069,84.479256,138.78201,30.584091,-22.85266,21.236902,39.16952,20.940365,-0.1863099,18.22804,24.06724,20.12408,0.35569206,18.585836,7.7887554,11.330204,6.2765455,11.187876,2.5116558,10.210919,1.1893018,9.877523,-3.4855947,9.642956,3.5287814,9.533416
"ABBA -- Money, Money, Money_3",-200.94565,73.084465,140.77272,26.575134,-26.43213,21.004202,45.739807,18.253902,-3.2930357,19.710054,29.399853,16.436071,-3.3233743,20.296404,10.666418,9.707525,6.6332183,11.399355,2.3843088,10.374622,2.2563806,8.937657,-2.851708,8.781584,4.608169,8.519875
"ABBA -- Money, Money, Money_4",-169.68872,65.64035,145.8897,29.863388,-36.78698,21.471577,47.300674,18.259106,-5.2197766,19.61143,29.167484,15.953779,-6.748591,18.419722,10.863918,10.19736,7.122531,10.774086,1.4607174,10.260113,2.1288152,8.960528,-2.6826277,7.81472,3.061856,7.7293243
"ABBA -- Money, Money, Money_5",-155.23247,57.375504,154.16483,30.969326,-44.25809,21.985344,46.325245,17.892351,-6.695345,18.547777,27.532288,15.245631,-5.496497,15.476592,10.156339,10.101523,6.568134,10.015409,-0.43001416,10.46248,2.0852716,8.829276,-3.7609882,7.609115,1.2000384,7.856627
"ABBA -- Money, Money, Money_6",-157.44963,58.785683,162.58633,24.032894,-53.22361,16.266184,38.999767,17.58037,-6.0345917,15.774969,19.243265,15.494227,-4.071382,16.327173,7.356718,10.900488,6.732499,9.473068,-2.129217,10.386874,2.7379537,8.57963,-3.1027894,7.0560856,-1.7601144,7.493173
"ABBA -- Money, Money, Money_7",-146.95671,58.845318,167.53029,20.819052,-55.209152,13.288525,37.136097,16.441908,-4.178605,15.241583,17.82934,13.624529,-1.2642527,15.461916,6.569256,11.117267,5.1128,9.532117,-3.354283,8.714084,2.262093,8.07717,-2.8551042,7.2660265,-2.0677187,6.9222994
"ABBA -- Money, Money, Money_8",-142.06328,64.00229,165.6481,20.21689,-56.61419,13.617635,36.447834,16.414526,-7.195124,15.348722,16.102339,13.685858,-2.214006,15.28424,5.6815357,11.508192,1.9452901,9.477335,-3.8548677,8.553551,0.7825987,8.524413,-3.3873327,7.6967325,-3.315708,6.5681963
"ABBA -- Money, Money, Money_9",-138.47816,69.16662,161.44537,20.501255,-57.368607,14.194541,35.770775,17.456755,-8.2008505,15.872434,16.534323,14.246666,-4.277845,15.794489,6.551992,12.54551,-0.43130466,9.303806,-3.8469665,8.531996,-0.76301056,8.352458,-3.3272052,8.318624,-3.3998387,6.666708
ABBA -- The Winner Takes It All_1,-280.52444,83.56475,188.46422,34.574574,-57.289726,19.72256,24.946728,14.539651,-5.813509,14.480305,5.5845695,8.016431,-2.2730122,10.418565,8.042733,8.506126,-7.51116,7.108808,-0.87879926,6.9638367,-7.8188763,7.623978,-2.3259041,6.519167,-9.058046,6.612769
ABBA -- The Winner Takes It All_2,-248.49365,41.997334,192.50224,13.073296,-60.850754,15.277622,27.657787,12.971363,-9.939768,13.822127,6.445013,7.6046767,-4.1778593,10.243382,10.603142,7.3569164,-9.2207,7.1466475,-0.25855827,6.6942387,-6.6877284,6.750962,-2.7265546,6.3698053,-9.139914,6.388161
ABBA -- The Winner Takes It All_3,-235.24222,38.54809,187.90732,12.120623,-56.32609,13.2799225,27.12969,12.596948,-13.248168,11.497028,6.1201453,7.221306,-7.5619464,7.0124717,11.018475,6.6180696,-10.446505,6.8136125,-0.099539414,6.4847946,-4.6403456,6.5434694,-1.901127,6.342099,-8.703358,6.317839
ABBA -- The Winner Takes It All_4,-238.21342,44.42985,179.5778,14.324492,-47.295788,19.938494,25.36375,10.674398,-12.5606985,10.758434,2.5319726,7.666378,-5.2442756,7.398126,9.922215,6.75442,-9.036781,6.751555,-2.5092034,7.025198,-3.5004938,6.085592,-3.8029442,6.034144,-9.09506,6.550908
ABBA -- The Winner Takes It All_5,-240.9232,48.693325,167.46056,21.911737,-38.445415,20.991968,27.507015,13.300111,-13.892225,13.9492235,5.8306046,10.891246,-5.804421,10.551255,10.830291,8.04801,-8.738528,7.137555,-3.8563917,7.758603,-3.953546,6.69559,-5.018791,6.498314,-9.29938,6.968362
ABBA -- The Winner Takes It All_6,-244.38443,52.2417,154.38762,26.183445,-33.70895,18.987246,32.008736,15.551234,-17.501093,15.656606,10.209758,13.7289505,-8.646806,13.018318,12.0814295,8.931306,-8.558696,7.8139863,-4.1696157,8.7188,-3.894312,7.2958994,-5.3892455,7.532467,-11.136696,7.3806105
ABBA -- The Winner Takes It All_7,-242.1219,56.183258,146.11101,25.982256,-30.88678,17.462172,36.58471,16.804033,-20.305653,16.90045,14.066901,15.727406,-9.779104,14.98822,14.170979,9.73327,-7.4823685,7.9667425,-4.7431254,9.14839,-4.9096646,7.5620413,-5.608645,7.5586777,-10.973165,7.0921445
ABBA -- The Winner Takes It All_8,-219.78653,46.00507,138.50299,23.639828,-34.216194,13.560919,41.483204,13.445254,-24.936274,15.761101,16.841486,13.965722,-12.147207,14.359294,14.083103,9.560863,-7.2929916,7.9418654,-5.0661488,9.106486,-5.10833,7.779102,-4.955814,7.7764473,-11.706822,6.8609056
ABBA -- The Winner Takes It All_9,-211.84964,39.85261,136.49425,23.837664,-38.03742,12.357015,41.912987,13.200177,-26.208063,15.052231,16.823803,13.862877,-13.654452,14.3329735,13.406012,9.034075,-7.460171,7.561005,-3.8271513,8.90098,-3.9591076,7.512864,-3.8954828,7.552356,-11.959325,6.5562887
All The Things She Said_1,-175.8519,146.32957,131.14354,32.997616,-27.519592,49.39342,30.862188,34.954483,-7.791058,18.827007,14.50922,24.578236,-15.888847,12.26792,7.110794,22.205215,-13.898172,9.60128,-4.229503,16.245302,-10.544489,13.881851,-7.03086,12.814519,-10.23932,9.496406
All The Things She Said_2,-93.26344,87.71287,128.26942,23.309076,-50.065384,14.839977,44.543404,22.581137,-9.77269,15.827868,24.44101,22.089886,-16.875065,11.98432,18.864412,19.535622,-11.644184,9.747498,3.8469515,14.7246,-5.1839323,13.552335,-2.1395462,11.144348,-7.368772,8.313712
All The Things She Said_3,-61.64988,47.25862,128.66345,19.880068,-45.403885,14.5212,53.64565,10.877684,-11.893386,12.341483,33.74073,13.045684,-15.698779,10.567561,27.440544,11.645098,-9.561609,8.1505375,11.53216,10.167801,1.1491423,10.336961,2.98424,7.0675335,-5.2372503,6.1474886
All The Things She Said_4,-72.16522,45.637974,130.56584,21.271027,-39.659008,18.513475,56.300453,11.66339,-13.315957,12.404168,36.7098,10.319826,-14.285952,10.230039,29.933691,8.12569,-8.452011,7.507872,14.347814,8.304675,1.3181508,8.9578,4.278883,7.2125034,-4.950736,6.1332135
All The Things She Said_5,-117.99145,74.38962,129.03569,26.325296,-24.010298,28.067324,50.625256,17.639507,-10.776904,15.287591,34.704655,11.151603,-9.42221,11.715995,28.549894,8.906396,-7.4485407,9.49451,13.876249,9.233541,1.7521797,9.780093,3.281041,7.970415,-3.2370164,7.8705263
All The Things She Said_6,-151.64883,69.005356,133.29395,30.838333,-17.023346,28.05932,50.9552,20.044985,-12.624072,15.972364,37.05241,12.36294,-10.764581,11.863831,28.800718,9.557787,-10.438838,10.175998,14.042392,10.67225,1.0826136,10.198004,3.2322917,8.827917,-3.463509,8.634781
All The Things She Said_7,-169.71057,63.853123,141.17815,36.233105,-7.6590714,25.000055,48.03942,21.09661,-9.189356,17.228008,34.477047,13.594279,-8.782096,12.998889,28.684286,10.175389,-10.722929,11.15904,10.913059,11.344626,2.1883657,11.229333,1.9118654,8.97463,-1.1029499,8.293021
All The Things She Said_8,-178.40663,55.816597,145.73021,35.052853,-1.6676587,23.66547,42.75942,19.799574,-3.5438888,17.618128,31.44319,13.923463,-7.076724,13.430644,28.63157,10.70337,-9.719627,11.616269,9.014469,11.067262,4.5792375,10.870975,-0.045630615,8.825883,-1.2700306,9.006899
All The Things She Said_9,-140.82199,63.904118,144.2349,32.35419,-13.571034,26.16905,49.838444,19.811075,-7.7688127,17.836384,32.621876,13.801617,-9.508437,12.946926,28.600529,10.608308,-8.869031,11.211768,9.283844,10.955217,3.6473124,10.145845,0.80315775,8.467205,-2.2558012,8.224432
Animals — Martin Garrix_1,-238.98517,80.42821,87.54104,38.831295,-5.6359444,25.551008,21.64518,22.98689,-60.375572,17.655142,19.345615,18.719112,-32.60791,12.138268,23.357763,13.046853,-16.292736,8.363888,23.987621,8.985919,2.1561706,9.931317,17.178497,8.407657,-1.6659583,5.6327767
Animals — Martin Garrix_2,-212.52376,67.35351,105.02566,34.58137,-5.1433873,25.906733,20.223892,20.674295,-56.88825,16.919825,15.768517,17.151377,-37.89008,10.772731,17.468122,13.817233,-17.19031,8.670945,23.623941,8.516014,4.293549,9.48349,17.16901,8.217278,-0.76306564,5.305232
Animals — Martin Garrix_3,-192.77892,58.963387,124.36013,38.060593,-8.120358,26.305387,23.109179,17.693794,-48.801914,18.158676,15.390693,16.237356,-40.62723,9.813468,12.26018,13.626434,-19.608309,8.823252,20.563194,10.486956,4.064151,9.009392,16.798632,8.472225,0.41132274,5.07636
Animals — Martin Garrix_4,-178.11931,57.18104,122.88475,35.696453,10.440376,31.535667,24.755922,22.275799,-28.896488,19.21768,15.795226,20.896227,-27.493402,15.075371,8.332413,15.726333,-13.218755,8.86707,15.509632,9.935552,7.6741147,8.482193,13.957115,7.6973886,3.4211414,4.883196
Animals — Martin Garrix_5,-170.17365,56.271385,130.56609,33.59464,17.374205,34.31949,34.311058,21.949335,-18.55831,15.80726,24.468338,21.233742,-20.56154,16.724222,12.936422,16.638874,-11.0259495,9.47247,15.844237,9.992774,6.785418,7.5714355,13.224196,7.079025,3.4318888,5.182259
Animals — Martin Garrix_6,-171.71529,60.294662,132.22095,34.34872,27.367168,34.657513,43.169334,20.39284,-12.256577,12.866608,32.456398,19.345121,-12.464245,13.75005,19.091307,15.528954,-7.761033,8.914373,17.471619,10.36154,6.6164985,7.297961,13.294958,6.9646397,3.5520775,5.510581
Animals — Martin Garrix_7,-166.48422,64.526,127.797554,31.624247,32.353436,31.488298,51.85972,14.403702,-9.388775,9.448807,40.337357,11.828028,-5.7317123,8.241818,26.20493,9.954496,-4.3229218,6.774395,20.919865,7.8596125,6.4993153,7.5471807,13.5162525,6.680516,3.0871766,5.78624
Animals — Martin Garrix_8,-154.18018,61.870556,126.21581,29.288567,27.246223,29.390665,54.803032,15.085921,-12.033449,10.091146,40.05267,10.535087,-4.8804717,8.2831135,25.998981,9.359905,-4.3203874,6.6352386,20.776716,7.5422015,5.053904,7.482332,12.750892,6.6583657,2.523526,5.9292183
Animals — Martin Garrix_9,-131.3195,61.729618,119.562965,27.188461,17.443933,28.16423,60.075115,16.08771,-15.800019,10.440703,40.347378,9.600892,-4.9082537,8.176183,27.055012,8.936413,-5.584006,6.9103336,20.847286,7.4303694,2.5371175,7.552319,13.686974,6.7820926,2.5288236,6.044409
Another One Bites The Dust — Queen_1,-269.20264,137.26477,103.57224,60.718117,23.955034,40.015034,47.08796,29.338032,15.006316,22.158947,25.443676,17.48255,2.0113246,13.734582,25.461987,16.810823,-3.8280673,12.813802,12.104589,12.611101,-1.90721,9.191351,5.92829,8.679578,-1.4921904,6.2316003
Another One Bites The Dust — Queen_2,-233.99715,132.65817,116.382904,63.401382,13.81045,37.4577,39.837692,30.355724,8.331958,21.680565,23.848885,17.973885,-1.4461837,14.707578,24.521603,16.30188,-3.659329,13.127056,10.720001,13.549849,-2.2094574,9.487781,5.225787,8.955851,-2.4434745,6.7128143
Another One Bites The Dust — Queen_3,-212.39845,121.8374,123.01919,61.22008,5.5723524,34.570183,39.188206,30.559614,2.6511827,20.57927,24.403818,18.649504,-4.871149,14.67953,24.675966,16.319065,-3.9116032,13.389868,9.137414,14.742812,-2.0427876,9.948589,5.7673254,9.79683,-2.2029607,7.2358484
Another One Bites The Dust — Queen_4,-182.19164,101.561356,130.85506,55.310646,-4.818262,32.993073,39.065792,30.997395,-1.1510061,19.16207,27.02811,18.920841,-9.183416,15.226793,23.437859,17.305561,-3.878184,13.421318,7.896511,15.461341,-2.7795856,10.3195915,6.122427,10.3593645,-2.4569736,7.8800755
Another One Bites The Dust — Queen_5,-154.49648,97.85677,124.08954,50.93752,-21.727407,31.14216,51.177734,30.419382,-1.3614845,20.561913,30.584782,17.021946,-11.21249,14.196682,22.131851,16.735056,-4.316883,13.499885,6.831571,15.130725,-3.342862,10.835014,7.233,10.642603,-2.1370125,8.177236
Another One Bites The Dust — Queen_6,-176.14154,114.20805,112.42909,45.590405,-19.482832,32.72608,53.359947,27.279577,2.6843746,23.090172,30.623037,16.497114,-8.352554,14.958256,23.127697,16.367847,-3.6166832,12.831837,7.3791885,14.696754,-1.9796902,11.268532,8.078227,10.358239,-0.97840977,7.935022
Another One Bites The Dust — Queen_7,-178.51997,117.01649,115.83771,42.862415,-18.488447,34.741714,49.68174,27.311989,1.3611891,23.229694,28.976624,16.493786,-8.071519,15.627581,22.408077,16.260107,-3.9757936,12.9183,6.5855317,15.251342,-1.470903,11.278214,8.254808,9.9445715,-1.1235157,7.8157234
Another One Bites The Dust — Queen_8,-185.10663,119.76301,116.37794,44.298843,-16.27111,33.99215,49.67212,26.524202,1.1591765,23.88875,26.609547,16.631598,-7.8168983,14.861043,22.325768,16.046604,-4.648567,13.129407,6.919248,15.362597,-0.6425111,11.320941,8.864679,10.027709,-0.7740013,7.5883107
Another One Bites The Dust — Queen_9,-216.06181,126.94874,117.21025,52.565933,-5.1414533,34.99647,41.5114,23.243067,4.956064,23.059435,24.814085,17.573193,-7.563216,15.500089,22.386084,16.198828,-5.118223,13.536433,7.1345663,15.621643,0.043973014,10.870698,7.9201984,10.216368,-0.668131,7.454283
Apologize_1,-294.52026,63.7023,205.26846,36.558174,-1.3206267,17.917377,7.096078,18.065292,31.859001,20.555147,22.141106,11.167155,4.8725834,9.429071,14.648979,8.976401,0.6256216,7.383997,3.137099,7.1677046,12.515677,7.437581,8.612726,7.5203185,2.8586743,8.008733
Apologize_2,-273.92856,60.157997,200.76419,29.322891,-2.8187664,19.171198,13.79775,19.595463,24.43775,20.477089,24.196568,11.690859,2.8924267,11.258586,16.096048,9.887603,0.43644452,7.9479237,3.5090957,7.808118,11.200428,8.126916,9.065272,7.74367,1.9130447,7.938809
Apologize_3,-245.54085,69.71974,189.14638,37.060764,-8.391963,20.727297,25.749039,26.687126,16.716208,22.02327,25.375834,12.807736,0.8038569,12.089188,17.74909,11.322748,-1.2173761,9.7652,4.745882,8.79854,6.976481,9.949536,7.9706974,7.86942,1.6634994,8.007253
Apologize_4,-213.91522,61.528397,177.82593,37.012947,-13.131493,20.341314,33.326916,24.598087,10.507454,18.362963,24.838264,12.90944,-1.2255722,11.665166,16.089521,11.913051,-1.5938406,10.303856,4.9301033,9.115101,5.55255,9.906803,8.10319,8.223976,0.36116892,7.3762827
Apologize_5,-196.99202,58.88924,174.01929,32.387356,-18.814417,20.946653,34.648735,22.570118,10.614954,17.398163,22.263727,11.845816,-0.20155545,11.202736,13.728918,11.432646,-0.22286047,9.631706,5.6635513,9.178825,4.650854,9.6007805,10.371274,8.719462,0.015597794,7.739688
Apologize_6,-176.8051,52.630005,170.03708,34.586445,-25.583385,18.65237,39.27571,23.54362,7.0897737,18.550064,22.265884,12.493147,-1.5052626,10.549779,12.9514,12.242383,-2.0880437,9.651676,7.0257773,9.725628,2.771223,8.8927555,11.60203,9.209163,0.76680255,7.649319
Apologize_7,-158.54846,49.471848,148.85399,40.072514,-24.641422,26.962934,29.98344,22.71319,7.6826777,20.49594,15.185365,14.672294,-2.502283,14.889005,4.458587,18.2355,-1.8688517,11.716029,4.5242887,9.87728,4.004424,9.272803,10.757139,8.912824,-0.3066627,7.480015
Apologize_8,-131.94028,54.001762,136.95021,41.340645,-25.081177,26.329525,35.296234,23.169264,-1.1586906,21.381256,19.695063,17.631054,-6.428558,15.411048,7.2985573,18.784725,-4.204774,11.824422,7.832855,11.635986,1.7016968,9.96408,11.264295,9.013922,-1.9982586,7.737213
Apologize_9,-110.86111,55.992153,126.099464,41.537056,-22.308428,26.59136,39.58997,23.7059,-9.252811,21.468084,24.051071,18.652828,-10.900082,15.369052,8.9964485,19.190723,-7.5795226,11.334423,10.748472,11.758304,-0.45314327,9.617321,11.934265,9.6548395,-2.2227538,7.1845436
Appletree_1,-284.72806,74.877914,100.90732,37.071095,22.485664,28.220573,54.882793,26.368097,0.2149773,23.526104,14.090342,17.576578,-10.0642185,16.555403,0.035568617,13.816425,-12.198588,12.324048,-7.089448,12.267942,-2.4930534,13.466895,-2.2931988,13.7312,2.9653997,12.062924
Appletree_2,-267.2186,79.56207,109.25862,36.863773,18.92932,30.51331,55.130177,25.275312,3.607317,23.499758,17.241726,18.084072,-10.129984,17.758762,3.7465744,14.661888,-8.625074,12.860076,-4.778265,12.739777,2.1870544,12.742041,-0.13343787,12.777793,2.9049702,11.405151
Appletree_3,-257.85806,83.774315,112.55922,38.80696,16.265879,33.167545,55.397232,25.364466,5.0840125,24.450838,18.714449,19.114191,-9.631435,18.102613,5.4648623,14.890049,-4.3870854,12.289606,-3.0227454,12.395545,4.1115756,12.046836,0.75986695,11.315282,1.8682594,10.449206
Appletree_4,-248.38965,84.76933,122.98244,35.87223,14.906594,36.474186,53.738476,24.243736,8.060009,24.665209,20.290806,18.969952,-9.005632,18.11949,7.1829386,13.994774,-0.647049,11.630134,-2.3296106,12.699757,5.143558,12.444908,1.7114475,10.630182,1.666215,10.089953
Appletree_5,-231.4659,80.922295,130.46155,35.990726,7.0157065,37.1707,50.485504,24.484642,10.11616,24.943846,22.421621,17.426842,-8.815787,18.579767,9.276057,12.923063,1.9258355,10.929484,-1.0679367,12.566726,6.9722304,11.479499,2.1270177,9.755404,0.52537555,9.41395
Appletree_6,-233.96304,78.31423,130.98456,36.425934,8.133949,37.546574,51.366367,23.614176,10.922993,24.850777,22.400356,17.470999,-8.565185,17.686062,8.557675,12.004619,3.3371894,10.837724,-1.1960248,11.971517,6.3295455,11.189363,2.8148901,9.198903,1.2819114,9.273985
Appletree_7,-231.18248,76.3363,135.57071,33.917816,5.7404075,37.60667,50.063606,24.036346,11.8617115,25.029144,21.831793,17.05817,-8.982225,17.238123,7.915213,11.770077,3.8364744,11.546842,-1.7997239,12.235502,6.386862,11.082053,3.0976791,8.966873,1.0490957,9.104662
Appletree_8,-227.73157,75.522644,133.51697,35.4885,1.5165012,36.667095,51.34897,24.700535,13.945847,24.740364,21.57937,16.418266,-11.057741,17.848253,7.7730136,12.1748495,4.5716267,11.439851,-1.6587738,12.225605,6.9809756,10.804454,2.9309962,8.901439,0.58713657,9.107916
Appletree_9,-225.91142,73.89463,132.53635,33.173416,2.0314708,35.62449,55.018284,24.61386,16.058712,25.303133,21.525255,16.42447,-13.398252,17.924526,8.119502,12.394583,4.8287325,11.372927,-3.754639,12.781176,6.9070983,11.153589,3.3889945,8.56184,0.09746333,8.922219
"B.o.B, Hayley Williams of Paramore -- Airplanes (feat. Hayley Williams of Paramore)_1",-253.2748,133.74557,169.63844,36.951256,-24.012083,25.368883,5.6176634,38.114635,0.7218622,17.343933,24.619747,21.699795,-18.542473,12.612169,11.088528,16.318426,-13.119278,9.558053,-1.7231355,12.740105,0.12256936,9.563057,-3.2582042,8.117364,-10.564808,8.59265
"B.o.B, Hayley Williams of Paramore -- Airplanes (feat. Hayley Williams of Paramore)_2",-182.34113,110.610565,165.15567,30.786915,-33.28685,24.086737,24.05255,34.082367,-6.2797003,18.478945,32.86475,20.923246,-23.338858,11.634206,17.030626,14.852771,-14.47206,9.667309,3.1080759,12.314883,1.7631606,9.960846,-1.9931275,8.203295,-9.566198,8.493163
"B.o.B, Hayley Williams of Paramore -- Airplanes (feat. Hayley Williams of Paramore)_3",-116.64521,30.162788,158.86847,27.732306,-39.918655,17.965172,37.892014,17.015156,-7.9071646,15.9215555,35.593082,16.468718,-22.964867,10.5216055,20.482765,9.557602,-13.300852,8.847117,6.0635858,9.946697,4.583047,9.560159,-2.457216,8.044113,-7.7296457,8.348255
"B.o.B, Hayley Williams of Paramore -- Airplanes (feat. Hayley Williams of Paramore)_4",-108.75814,41.64411,152.27979,27.893456,-40.141174,19.563387,38.961105,20.246328,-4.986733,17.14251,28.436789,15.714823,-14.432213,12.410366,14.331458,11.4896555,-7.403621,8.69845,4.80589,9.322867,4.9259377,9.094531,-3.4812322,7.868318,-4.8683724,8.3311615
"B.o.B, Hayley Williams of Paramore -- Airplanes (feat. Hayley Williams of Paramore)_5",-103.137535,44.858044,150.78177,27.883453,-44.844463,23.426453,44.70575,19.23857,-9.7276125,17.321688,26.032167,15.664514,-12.156416,13.32333,9.643629,13.185185,-6.2999134,9.115153,4.8036366,9.633986,2.904632,9.069792,-3.3901732,8.071933,-3.896097,8.756982
"B.o.B, Hayley Williams of Paramore -- Airplanes (feat. Hayley Williams of Paramore)_6",-101.04037,48.204617,150.18259,27.164433,-50.480965,23.467447,48.119884,18.508024,-9.355513,16.750786,23.753334,14.677142,-7.677546,13.743789,5.856542,13.873601,-4.6035433,9.260901,5.5073857,8.974573,2.0098398,8.466252,-4.1156964,8.410249,-2.0842814,8.69933
"B.o.B, Hayley Williams of Paramore -- Airplanes (feat. Hayley Williams of Paramore)_7",-101.4149,52.285515,147.85458,26.008177,-55.51986,24.59227,52.51314,16.628218,-11.759689,17.047306,22.618471,15.4627695,-4.7185607,13.603732,1.8945005,13.939709,-3.6154027,9.466635,5.6214895,9.31639,0.24394612,8.398756,-4.5002503,8.994772,-0.80290574,8.763415
"B.o.B, Hayley Williams of Paramore -- Airplanes (feat. Hayley Williams of Paramore)_8",-99.2227,45.15714,150.0575,23.642727,-54.657837,24.083532,52.160393,14.780585,-10.414339,16.818407,21.501465,15.504041,-3.0722384,13.965134,1.9895004,13.750813,-3.3253813,9.797726,6.080443,9.117713,0.8819731,8.924123,-3.9304564,9.062791,0.26141834,8.914986
"B.o.B, Hayley Williams of Paramore -- Airplanes (feat. Hayley Williams of Paramore)_9",-98.140724,44.2664,152.98407,21.376667,-55.212437,22.969011,52.83683,14.186496,-10.521133,16.1546,21.063217,16.037712,-1.8518875,13.363852,1.9210635,13.587557,-3.200922,9.329569,6.8363442,8.969859,0.090497464,9.154981,-4.187063,9.04346,0.73234826,8.743678
"B.o.B, Jessie J -- Price Tag_1",-140.61337,81.611595,117.80777,30.509682,-14.60699,24.781372,60.386944,18.706692,-3.1060581,15.614778,30.830284,14.141526,-11.379136,14.236534,25.273737,10.941482,-4.015274,11.314007,8.599459,9.946485,-5.2151136,9.750063,1.6127168,9.482017,-5.4413843,8.4837265
"B.o.B, Jessie J -- Price Tag_2",-127.66403,62.749603,116.48423,28.079996,-15.110306,25.094084,60.51759,17.341328,-6.2277303,16.437033,32.89088,15.098275,-14.475455,14.642605,27.532736,11.560373,-5.092308,11.338238,9.0190115,10.114357,-5.1047482,9.923579,0.7285307,9.606012,-6.36702,8.41422
"B.o.B, Jessie J -- Price Tag_3",-119.064186,57.85562,113.74032,29.462276,-17.040625,25.374441,60.9926,17.210249,-7.7934713,16.80487,34.883846,15.689657,-17.284092,14.515655,29.033495,11.514861,-5.636586,11.5223055,9.155032,10.458083,-3.4652214,9.9621105,0.92356,9.895387,-6.9047594,8.6136875
"B.o.B, Jessie J -- Price Tag_4",-114.6177,54.03255,113.172356,28.602562,-20.390417,24.817095,61.065212,17.18692,-8.097699,16.538239,34.63058,15.49708,-18.888117,14.337645,29.96876,11.799094,-6.582457,11.057515,8.462081,10.669248,-2.9435549,10.13309,-0.57759833,9.673478,-7.6676283,8.522679
"B.o.B, Jessie J -- Price Tag_5",-110.20292,53.3023,111.625435,29.186794,-21.914747,24.520618,60.035812,17.758371,-7.8317585,16.915134,35.09001,14.888134,-18.947033,14.747128,29.143986,11.432283,-6.4183593,11.348413,9.447519,10.593379,-3.0035214,10.336113,0.53996307,9.956922,-8.318572,8.511633
"B.o.B, Jessie J -- Price Tag_6",-107.28705,56.662155,107.59653,30.444624,-26.171326,25.250187,59.911343,17.01732,-7.6680164,17.09325,34.343765,13.919815,-19.198483,13.732715,26.996517,11.29269,-6.0388637,11.890459,9.963518,10.862164,-3.0007088,10.425073,1.7167767,10.08928,-8.072315,9.066939
"B.o.B, Jessie J -- Price Tag_7",-95.18728,57.41373,106.40323,27.709867,-28.927906,24.055607,58.83147,15.901176,-8.595944,15.819768,34.434883,12.884055,-20.25127,13.033833,27.900515,11.300964,-6.7278748,11.467211,11.184415,10.466445,-4.400226,10.110574,3.7571557,9.83457,-7.7545443,8.712128
"B.o.B, Jessie J -- Price Tag_8",-82.34331,54.444397,106.046394,26.484415,-30.76923,22.50344,58.537235,14.718986,-10.938786,15.246885,36.237724,12.166362,-22.70939,12.288453,29.14393,10.631691,-7.42178,11.435083,14.218852,9.904273,-5.497513,9.739696,6.0860186,9.1204815,-7.609018,8.619695
"B.o.B, Jessie J -- Price Tag_9",-73.898605,50.446507,104.19193,24.480381,-30.16308,20.789793,57.764416,13.665093,-11.574922,14.108332,35.3154,11.312415,-22.742441,10.820232,30.207432,10.190756,-8.001607,10.698936,14.481333,9.287511,-5.4041066,9.257162,6.94449,8.695363,-6.548665,8.217473
Bad Bad Boys_1,-138.15143,86.03944,122.113266,27.706184,-35.46319,31.989054,48.8113,21.296679,-15.378883,21.577229,24.311888,22.132637,-15.030055,12.635787,26.95615,13.248758,-12.240427,9.810049,11.083694,11.7848015,1.7606529,10.800456,7.1426153,9.207673,-2.0002806,9.277633
Bad Bad Boys_2,-130.20085,54.475063,123.59288,22.459576,-27.705706,26.586731,54.290943,16.567177,-14.872475,21.352129,29.784002,15.220263,-15.1179085,12.544528,27.825289,10.800323,-11.824403,9.858035,13.832212,10.231129,2.4403543,10.238022,7.3761263,9.168712,1.7203763,7.4210997
Bad Bad Boys_3,-141.00607,52.470257,126.45114,21.986982,-22.370014,28.862385,53.968822,16.072573,-14.071199,21.37674,27.465998,15.902189,-15.849874,12.638149,27.47989,11.702839,-10.730769,9.944223,12.82795,10.846911,3.8338096,10.616298,7.4002137,9.282985,2.8488941,7.0968056
Bad Bad Boys_4,-147.90851,49.147293,126.35786,21.46813,-21.283943,28.892818,56.460697,16.683098,-10.696938,22.180426,28.851189,17.16997,-17.546711,13.261697,26.163286,11.786445,-9.318385,10.155782,13.475221,11.476396,2.9879463,10.561927,6.5404005,9.302322,3.8534102,6.8250246
Bad Bad Boys_5,-150.28946,50.68178,122.11754,22.383467,-18.054884,29.379808,59.9512,17.397646,-11.749435,21.948305,31.130291,16.501328,-17.769829,13.568505,26.109,11.274147,-9.232224,9.664581,13.4331665,11.080587,1.7540551,10.337084,6.979301,8.990133,4.5127983,6.9244866
Bad Bad Boys_6,-152.3624,51.541183,120.093254,22.017084,-16.325823,29.156103,62.630775,16.521675,-13.082668,20.74719,33.448193,16.509897,-18.148005,13.3492155,27.062178,11.190363,-8.081296,9.597956,13.925913,10.999638,0.42121434,10.303386,7.627079,8.689668,4.7816787,6.927334
Bad Bad Boys_7,-152.31073,51.82261,117.270546,21.034023,-16.460344,26.94437,65.02995,15.612344,-10.527432,20.826616,35.888798,15.061704,-17.531574,13.650693,25.799046,10.128178,-7.4663095,9.386877,13.764245,10.8249,-1.5060654,9.102082,6.9104304,8.176932,5.874531,6.8255477
Bad Bad Boys_8,-144.73773,54.428432,116.95483,20.559872,-18.466333,26.249882,64.21597,15.082876,-13.317735,19.835623,34.95861,13.376217,-16.479515,13.408932,25.846596,10.105277,-9.061919,9.481039,12.771562,10.47633,-2.1228354,9.6767845,6.563095,8.430244,4.2417355,8.017302
Bad Bad Boys_9,-132.3016,55.972645,118.3062,20.242203,-25.008017,26.18881,60.858505,15.400586,-16.571503,18.986225,34.570942,13.098618,-14.801008,13.153747,27.498297,10.134005,-10.8244705,9.7426815,12.995096,10.267231,-1.6793021,10.056488,6.900189,8.755003,2.025058,8.612729
Bad Romance_1,-69.34221,67.19852,113.19706,20.39901,-46.17676,15.641642,35.721706,16.324762,-34.640186,13.947945,24.91608,17.751383,-27.40197,16.033228,21.517689,12.333208,-18.262653,12.490401,4.445893,15.183308,-17.06564,11.596536,7.5845637,11.132167,-9.758858,10.837332
Bad Romance_2,-87.04743,67.458885,109.782776,21.789595,-52.473125,21.481562,29.668774,22.702131,-36.12516,16.897747,23.330482,19.453981,-21.899548,15.761765,20.697203,14.294909,-14.474156,11.695395,3.4525785,16.045998,-14.162601,10.556407,7.4628215,11.693102,-7.5310254,11.158375
Bad Romance_3,-92.48172,69.88236,112.09305,22.454096,-47.677925,23.528492,28.787403,24.633005,-31.76013,17.196804,22.887768,19.983086,-10.0597315,14.705253,24.213316,15.306014,-6.1752806,9.247333,6.6345277,16.65962,-8.100686,8.2374935,9.6651945,10.737703,-1.5403359,9.331695
Bad Romance_4,-104.936066,64.93247,112.42386,23.441124,-48.69811,23.531212,28.321419,24.82747,-30.957212,18.646366,22.715405,20.236397,-5.3044257,14.376824,23.474037,15.358946,-3.1059418,9.841716,7.990358,17.562498,-5.547745,9.799191,9.333872,10.513877,0.49968997,10.688701
Bad Romance_5,-109.098175,60.167526,117.18968,26.044767,-47.625835,22.879068,35.107174,27.02312,-24.347023,23.000538,24.998735,18.77767,-4.908246,13.792534,21.470518,15.427282,0.33210903,10.96239,8.314404,16.351177,-1.9470704,11.549506,8.210678,10.757763,3.5812986,10.820646
Bad Romance_6,-87.72776,45.576313,127.48326,19.409346,-38.53864,16.211773,47.428566,17.233013,-15.761955,17.150051,32.46495,12.259628,-2.3044422,11.350199,26.503689,11.702581,3.1307561,9.183922,15.614993,9.133267,2.6235335,8.09329,10.749647,9.534252,6.601942,8.398552
Bad Romance_7,-87.023636,40.227318,127.47782,18.230629,-35.092537,12.947028,50.177517,13.540253,-11.321703,15.593545,32.94426,10.845934,-2.9020767,9.659885,24.699528,9.41963,3.2223148,8.81676,16.034157,8.238234,4.3718066,7.389437,10.651435,9.129777,6.718081,8.073192
Bad Romance_8,-91.81544,39.5748,129.23007,19.42723,-36.436752,12.429517,53.542324,13.54179,-9.45785,15.566207,32.85779,10.839238,-3.1499834,10.251507,22.871584,9.994648,4.0756135,8.904535,13.757989,9.660296,6.516802,8.365674,9.807036,9.287336,6.593563,8.141977
Bad Romance_9,-87.855446,36.971275,128.1498,20.88588,-34.775444,12.104608,53.116505,12.946521,-12.070523,14.38677,31.883024,11.125824,-2.4530694,9.639562,23.525038,10.302228,2.8138614,8.214038,13.396123,9.317266,6.1494803,8.734396,11.464032,8.104041,6.4970136,8.359269
Bag Raiders -- Shooting stars_1,-280.36954,101.294235,70.44555,58.24502,-15.945644,45.220245,44.869896,32.60343,-20.143063,19.43741,16.713303,15.657511,1.9224504,11.441442,-4.555301,10.840357,-16.585136,10.349893,12.841154,10.130552,-17.488865,9.6742325,-10.9118805,10.637273,-4.8548493,10.357081
Bag Raiders -- Shooting stars_2,-252.4194,90.990746,90.05244,45.967915,-0.76904696,38.383873,49.293327,27.35101,-13.814836,17.41982,17.61048,15.110399,5.3962984,10.9384575,-3.152558,11.759097,-14.63664,9.758667,10.953989,10.074373,-18.655548,8.072608,-13.630651,9.159893,-7.749278,8.375321
Bag Raiders -- Shooting stars_3,-211.22845,99.53126,115.63356,38.04882,0.4164407,33.60143,53.042805,24.233038,-7.3328257,17.907177,20.248753,15.62698,2.8689008,12.486638,4.604691,15.11276,-10.928078,10.304773,9.726724,10.739314,-15.327393,10.07116,-8.709065,12.912916,-5.964868,8.769824
Bag Raiders -- Shooting stars_4,-180.12189,102.23638,124.43596,40.153374,-9.943652,30.954699,48.40663,23.090956,-4.828916,20.200048,19.60363,16.385078,-1.2973534,13.616248,10.229863,16.267422,-7.7391787,9.999825,8.658757,10.695993,-10.573831,10.258608,-2.010248,12.518438,-2.0598316,8.01676
Bag Raiders -- Shooting stars_5,-153.23734,99.88958,131.10143,42.562866,-19.374846,25.35638,46.99407,22.377243,1.0478543,20.183863,20.421106,16.843187,-4.603723,13.339423,16.828001,14.403779,-3.7822795,8.728231,7.506709,10.304597,-6.8621364,8.93743,2.6022341,11.300827,0.0851394,7.6572065
Bag Raiders -- Shooting stars_6,-112.45278,53.07334,144.73102,31.21081,-26.03053,21.35332,48.92772,20.815315,2.706028,19.578058,22.965218,17.144463,-9.280098,11.644435,20.601667,12.917347,-2.9240372,8.807254,6.481345,10.532153,-4.598908,8.058607,6.501241,9.10854,0.99964434,7.1719074
Bag Raiders -- Shooting stars_7,-105.96795,51.86979,145.87883,31.456564,-26.110855,20.402897,49.2688,20.055653,0.81125903,19.708189,23.292845,17.385202,-10.558502,11.791634,20.159716,12.613995,-3.202552,9.124505,5.9177275,10.82922,-4.588836,8.002669,6.2989235,9.148339,0.48318747,7.217803
Bag Raiders -- Shooting stars_8,-99.75491,50.877182,147.28088,31.200481,-25.592222,19.965687,49.55842,19.067041,-0.25885516,18.972963,24.342731,16.992945,-10.989079,11.725034,21.073826,12.015163,-2.5228078,9.169756,5.079385,11.018326,-4.7698226,8.123917,5.731395,9.262157,-0.21598849,6.7759705
Bag Raiders -- Shooting stars_9,-92.13892,49.087082,147.55724,31.178919,-27.464697,19.236523,49.44705,18.726534,-4.309472,18.400444,24.516926,16.450254,-11.840453,11.702904,20.51992,12.037121,-3.3737605,9.297801,4.5923266,11.374182,-5.0060997,8.362795,5.4780893,8.753542,-1.0463895,6.8039117
